PC1,PC2,PC3,PC4,PC5,cluster
4.555816245145116,-2.1728580250209397,-1.7770089795908572,0.8635120986484225,-1.1014205137803523,-1
-0.0065609227565668,1.0632137035242135,-1.2412176671009516,0.9803209770612586,0.8688518686889003,0
2.628709990618788,0.3846489153055885,-0.3784289149949058,0.1637188000694766,0.4525876550131503,0
4.928383674123335,-2.748328445191077,1.3928493040525465,-0.6127492212502654,-0.7640820187922693,-1
1.5047381184642454,0.1581554084624969,-2.030133882469211,0.3191892067323087,0.1392708737120521,0
2.039285505181297,-2.105473013526359,-0.0497663353136471,-0.7926886201645914,-0.0869367554506229,0
0.573294253309897,0.7839187513436695,-0.5902388574275617,0.2114230947351127,0.4166896656256838,0
1.8197567729135653,-1.157465168673672,0.9089445820989218,-0.2702685899756418,0.420324916035262,0
3.121967789397974,-1.4747103342699313,1.1914945568847024,-0.3721025669103437,-0.0285848588908524,-1
3.1979273121961813,-0.4796402840801956,1.0178341250355862,-0.9734167587241758,-1.297962713716039,-1
-1.1706253379033158,1.6432303625703772,0.0883169221588996,-0.0832453957466947,0.3207615628533675,0
0.4853990563082723,-0.0534194822442217,-0.4826891277756772,0.1468947534547385,-0.0133989048564887,0
3.753149761356582,0.6689422045139265,0.6227420228385098,1.2432569757766607,-0.5171014351511749,-1
0.1042271722392075,1.282042926351438,0.5080114045594286,0.5615979504400216,-0.0118842937935807,0
2.9694632227585944,-0.4053785444386126,0.6610189448530789,-0.4755961044181627,-1.0896142518745668,-1
2.6054422546885965,0.0661035723514673,1.8874547743290817,0.0143184673610083,0.2991655679116594,-1
-0.5747579750260093,0.4573662320972961,-0.1881416220333278,-0.6415268757779484,0.3588649206731058,0
2.8405449301979053,-0.6512498150218036,0.2491090684927936,-0.176451494419477,-0.0690570376309283,-1
0.7959917980054412,1.564964108709515,-0.8194593432343736,-0.4978208074434189,0.5007169707836422,0
-0.4991637794394259,-0.9589299164371732,-0.5662353499670226,0.3414665088026984,0.261666900347628,0
0.2156340089476945,-1.339743204624772,-0.0951953024878826,-0.0745611730366143,0.2677629439960172,0
-1.3592190590867923,-1.8861082964775924,-0.2679733115663856,-0.1538499405712615,0.02720584747929,0
3.0542041601017567,-1.8454117981402167,-0.3532299742470729,1.4248359930347856,-0.5937364376607117,-1
0.8667466548427023,1.6802212262787046,-0.5281200172805823,0.1857390608114989,0.9786133307646314,0
1.8631451461669863,-0.0495134077774002,0.1217980152370304,-0.2895325268412355,0.3642310185523271,0
4.607889142936906,-2.371563353177065,0.4812750475439337,2.194448680837563,0.3415494506577626,-1
2.173788558687003,-0.5286406601019636,0.7821086190935305,0.4954793387327809,-0.2750595699884089,0
0.6902540582758961,1.0816708049759427,-0.8229789420586098,-0.0035375683543017,0.214488312761522,0
2.02729153488329,0.5515151674010681,0.8097167810802464,-0.5585732947533807,-0.2698200408373,0
0.3001877717855252,-0.1035073958192872,-1.3582575868162552,0.0578454278888208,0.2939720376771948,0
3.2647776062478804,0.7656569936950607,0.4751783947342326,0.3421131511907515,-0.0928183553309922,-1
1.5166513894245617,-1.5570395159085422,0.8816046861136734,0.4051918334588434,-0.0940379011464558,0
3.1944232098973657,-0.074407176489225,0.6812590672504621,-0.0755283195759541,0.4345968823598097,-1
1.9843979010119277,1.821984266290808,0.2613529979253821,0.0624315514671035,-0.146004188077608,0
1.4279503492274206,-0.4179939501532498,-0.3927351250554634,0.2033990905358436,-0.0452443225848232,0
1.0599465918328357,0.6274765101904771,-0.014473796556773,0.2200180764043903,-0.0014125482766621,0
0.6043940715398791,0.2736963918641011,0.3976124171594103,0.0025244146564931,-0.0872842783871759,0
-1.8811488711983384,0.3894211758307599,-0.2962100793421243,-0.4922621826324727,0.2656405832100673,0
-1.0180706901208647,1.360900709319562,0.7127274728608645,-0.6571109260220782,0.7982832792147031,0
0.3415592122180347,0.1014633896640583,0.1893784011037848,-0.6112679048953977,-0.2851907109009184,0
-1.231944636482489,0.7012739976200543,0.5618041922292814,0.5454248969806775,0.1754172288111378,0
0.8963867875250539,-1.0889114474646664,1.0046268797165878,-1.2994474202257795,0.1980809826248668,0
3.1991826271111163,1.0280386422863077,0.4978877527914284,1.3736009994380345,-0.5837896547427511,-1
0.8517930107981867,-0.4785595423907986,0.5039675295358561,-0.1009159091817805,-0.1497605113274995,0
-0.095126162092695,0.2923208572517184,0.494891453527172,-0.3656033019116008,-0.106268359347831,0
2.2352748846174464,-0.080465010365745,-1.0788525463519694,-0.1702118927773983,-0.0027740129265173,0
-1.969727674337256,-0.8549374027071684,0.5729634613893495,0.2448321752764802,-0.5240306306373999,0
1.268068210689279,-1.255828275836177,0.4736679351660726,-0.1478158158996603,0.3790996638869695,0
-0.6921128629458495,-1.009011788886372,-0.5798511668774657,-0.5473211672926481,-0.0786716545993715,0
-0.7246125468748817,0.597988477708338,0.6848805454046174,0.2788750373182237,0.1590860571184366,0
-1.8708404810952184,0.7186912386968196,0.4690285742868894,-0.4859178776343681,-0.0215352074804608,0
-2.250945598431624,0.7068361519652988,-0.9601568008410029,-0.0939941779830536,-0.3745747031436919,0
-1.5814925896611585,-0.1467940567188325,0.3797582192179593,0.804343370541506,0.1661309591819185,0
2.305606264327287,-0.4083639771970711,-0.4787590787789628,0.0307315624565562,0.5733554812643168,0
-0.7872097613000659,0.971516452770072,0.1298961802956494,-0.251114117305925,0.3579962503144628,0
-1.0349046618735065,-0.5967437890254075,0.6266516819769878,0.2911962069641768,0.4295778160248403,0
1.382815017043575,0.2093309041856639,-0.8121261532908184,0.1095613106322312,0.7134304748758362,0
1.5248438606635797,-0.411116677813328,0.5620425651130981,-0.3804572773569003,0.355150586780854,0
-1.7667063639382865,0.2746262737243491,0.3716362244031674,0.7929222412762006,0.4453429680308622,0
-1.976463487485836,-1.7613875762465088,-0.4241001549169317,-0.2586383424609051,-0.2332570569784089,0
0.4525309885255817,-3.153961762372867,1.4469234050481652,1.5901506020798066,1.317332108583798,0
-0.2051727920192143,-1.5111141526228624,1.409671725258166,-1.6139003505649403,0.5135070887722516,0
2.3271977934071844,0.0648550149775922,0.3201157002567656,-0.3002659943955317,-1.1144860504235512,-1
-0.8832436527267967,-1.643310861279511,0.5669742570644787,2.2620610232382514,-0.686955305156515,-1
0.9951037298215905,-0.1585297953619984,1.1138996173358686,-0.8091713252033441,0.1095104549459459,0
1.7232236029040762,-0.0834863246371638,0.857780972252375,-0.8545352090865689,0.3590097689525626,0
-1.000876353029173,-0.5963619751678498,1.0700868430378003,-0.9024296690874724,0.080654835428465,0
-2.029713959486703,0.4503396040403079,0.0618516777140163,-0.0970502964781109,-0.3620854660887571,0
1.9231061896856687,-1.4034716958346691,0.3224302805768545,0.120443427862312,-1.7768966529433168,-1
-1.363556319583505,-0.3691342820496319,-0.4125529168956723,-0.5263344357373186,0.3690288947319834,0
0.1854936508790616,1.516882995188768,-0.7721459886863439,-0.1312828319949059,0.2981690411606257,0
-0.0960785820168453,-1.6358401198046528,0.0927459768226257,0.018053318404525,-1.2348810569257744,-1
2.294845874584281,0.7238859868748965,0.3837423985042686,-0.3993507381486501,-0.1536419163481629,-1
-0.1070958780112408,-0.5269620812052589,-0.7309788087220396,-0.4927015449365741,-0.2888518486812154,0
-1.2732158049509688,-0.4272519647458415,-0.1878147540545939,0.0611423466451634,0.0688992204633432,0
-0.0800094043486195,0.5270849988823092,-0.273188132983695,0.3043826631592161,0.2972015896817775,0
1.2008175825721086,-3.2130237196176,-0.2948898143485242,0.3029743148277103,1.413272181997559,0
2.6270424744979666,-0.715766406708988,-0.868871404459085,0.5586577124168145,-0.2976557806994113,-1
7.483824681680747,-0.8585304428407581,0.7029345813895796,1.042744616798758,-0.7773457902406136,-1
-0.6412391080089233,-0.398622505871312,-0.0220485464734128,-0.3855352859656335,0.1335147079555909,0
-0.1511599734386926,-0.6680128119802542,0.8999226525419931,-0.7749972702019563,0.4062200037874966,0
0.9446036175391594,-1.1669218456042498,-0.3366280156344688,-0.1700874182844231,-0.3316831969624618,0
4.852990210727143,2.231320430675115,-1.3517449662072338,-0.3225227188686271,-0.6764449945264971,-1
2.676614192226869,1.2461291652432795,-0.0077223609281879,-1.791622604371978,0.2724636596976016,0
-0.6017274866338749,-1.271599716374398,0.2234739776932957,0.7379512859073585,0.430081956875168,0
1.2177216949439098,0.0298495417418594,-0.418296072036425,0.9688857207899448,0.7836939960577923,0
0.5992647029506445,0.1116489095177383,0.6087564818033369,0.7028139855536214,0.1570470652687474,0
1.2844902266171505,1.518377103018125,0.1921574342099261,0.6467210084373971,0.3442658473859662,0
-0.4307854781354092,0.1925167352461842,0.8962416882218205,0.5171102260620042,-0.1452158416723458,0
1.1385995242787268,-1.5027109138771333,-0.3065680152909685,0.1416873942760742,0.4665211468584358,0
-0.664836549310073,1.0708963087316652,0.6750133416906349,-0.182228333492447,0.3260116112936251,0
0.1636605703942761,0.9899966943159008,0.1941331231406051,-0.1188142423787965,-0.0773765498374632,0
-2.410862777736771,0.5194203299630402,-1.166886169033359,0.2183499777266788,-0.514628143727456,0
-0.7315405677259719,-0.2337732033346165,-0.1509789688665206,-0.6831869336859033,0.3768286694061302,0
1.418687980390167,-0.0166646873176352,-0.1899474158251134,-0.2843065326890576,-0.4841902441893316,0
1.6589558117181251,1.232373031121062,-0.0607588720501443,1.0979754177026655,0.5510508416524889,0
-0.654233783209641,-0.9324638831588148,0.3870943168785023,-0.1510654848036544,0.6646554965867085,0
-1.924214680658107,-0.1204137311024265,0.3662867852779579,-1.6431249258283482,0.0290108852495003,0
-1.573255886931753,-0.8534224038881771,-0.8825473062426291,0.0117451276367785,-0.3746469261521485,0
0.3062394658332712,-0.024889488223566,0.1186943561665549,0.0954418700026921,0.0324561235527173,0
-0.339837311847149,1.1097374815074386,0.7694205821599175,-0.6912491760454201,-0.0025053302637303,0
-1.0860942959355775,-2.780041686493763,0.5659584135078966,-0.7439634178577005,0.2684961483350407,0
-1.7533845960333978,0.4953406837644272,0.532381223751886,0.5169340189291544,0.0996172966212308,0
-0.3710939265047235,-0.9282909153209934,0.9306200740829138,-0.0671602839863282,-0.1962972435670219,0
-0.2656909627232542,-1.2658810851854194,1.290083515912431,0.7008313702255439,0.3997173753875157,0
2.5931766099434914,-2.111843579468965,-0.4738258102359134,-1.726238494782834,-0.0787504105742199,-1
0.0500297806671662,-1.0631699822842986,0.3165315297927919,-0.9479620252546024,0.2646036054415518,0
-1.5900331374674768,0.2501950477535059,-0.0330298443655418,-0.0022151527334799,-0.1699825025654295,0
6.784923470437839,-0.6620820147524178,-0.8859650408555405,0.3922791299657114,-0.3376163920677256,-1
-1.520774335526986,0.6236393348010464,0.3705819983799847,-0.5869123473629442,-0.4003664209361651,0
-1.144950437541388,-0.8989442222499644,0.0921175817805528,-1.0204555889667897,-0.2666846622035336,0
0.1663013019992622,0.032255123924002,0.3200868351367766,-0.4981307471425765,-0.4338362328066827,0
1.9186215346083648,1.0142693685183424,-0.7991141771266627,0.4188259732900299,-2.8924150396478514,-1
0.3731538395220506,-1.099197855920581,0.9547763659087776,-0.7358262312003246,-0.07170112910325,0
-0.9261264895692384,-1.6657535376618553,0.2002426132091752,-1.383700643138789,-0.0089739899575088,0
-0.8764585176731746,0.0929241797723757,0.6923362826825197,-0.5582083455135302,0.1701307109258557,0
-1.208812206545565,-0.471419691913244,-0.5818255144424404,-1.3483470536687228,-1.6056157405541356,0
2.119722727187643,-1.3355181192188492,-0.2197462378093757,0.0214067265657897,-0.0009280671336659,0
2.762533299066224,-0.1298327697536332,0.4980781319676219,-0.3349657483747531,-0.1466003323057135,-1
0.0446428847092452,0.5917026851639672,0.0186478965281479,1.60896976785398,0.9522144732959864,0
-1.6312392072723998,-1.3663349983486697,-1.0897195571409803,0.0406592843342636,-0.1617220637636331,0
1.2580134797244755,-0.1082242992346141,-0.9254515075888112,0.2998425591659119,0.7365756614957822,0
7.585735286706925,-0.8483271357362623,-0.9053583272714436,0.1351762899402839,0.3556355678757806,-1
0.1775577982031999,-1.679413246230446,-1.3603753506510243,-0.1529731233863048,0.3151908412393719,0
-1.810855929194623,0.8510475374188448,-1.000023281843046,0.3314859813747363,-0.9823537206014032,0
-1.539741038478878,0.1341412302393581,-0.4144797166187692,0.0249753288510356,0.2742975390586479,0
-0.4845230111993605,0.8765904045205135,1.01231788017161,-0.181729510332057,0.296113303889257,0
0.0528884033223415,0.912627567527363,-0.6507072924727293,1.3131480242579032,0.6405137018577509,0
1.6783106149829554,-1.1968581024625518,-0.407063735448861,-0.3416563024951865,-0.0109407840002213,0
3.1229658492253,1.1290056084465083,0.2787906106674627,0.737696173849599,0.1188506002894554,-1
-0.5511746253481284,-1.6546755582027912,-0.4339341866080714,-0.1415820197889367,0.3705128144296429,0
1.2212175596202732,-0.2899558024483959,-0.0942996990461863,-0.2532603631506286,0.2474178385559271,0
1.2514090077944822,-0.0288910152911517,0.5372829808981524,0.6457283398645219,0.5056305560661933,0
-0.3216124622620877,-0.5312380839829801,-1.0959185130331703,0.4198048695789774,0.2771393491981094,0
0.4233685399693153,1.2658703345897848,-0.4357268148789928,-0.0867025517575134,0.4831099316622401,0
-1.212351041658124,0.7662790746791207,0.5322809320772098,-0.4446608937843841,0.1294066564045169,0
-1.5431582820266336,-0.3620735654900472,-0.5550757000854564,-1.5624479630827766,0.1110188774193819,0
-1.245524087339556,-0.8801839575998004,-0.2118775717332842,-0.1172686119835804,0.056221363823259,0
1.4628859214818275,-0.9113382283853936,-0.2967990793950503,-0.4925028617429536,0.2727128248559083,0
-0.2181027525117704,-1.9147355193498408,-0.4513789739794565,-0.9566982651982092,0.1677589385196446,0
-1.9379353669076356,-1.7537560134418169,-0.2102225535214074,0.600616289661482,0.2085412600679913,0
0.3691307779264773,-0.0055329281567142,-0.4524349777833783,0.2252750693612893,0.2375663992262992,0
-0.7668481541321399,-0.937450414771052,0.0587775222826471,-1.0807329723403318,0.2438604539969065,0
-0.9335961820909596,-0.3634023865537413,-0.3750733242542514,0.4552990243924519,-0.2909916019669196,0
-2.572273225380949,0.0266457748356848,-0.694975580261171,-0.0940942452764965,-0.7096329870587061,0
0.2763811424769796,-1.959176981832316,-0.0071361439653575,-0.3842421192547997,0.3505088449846595,0
2.3656440388298203,-2.295218036997393,0.933924791265998,1.5248336910507332,-0.2643122066403617,-1
-0.3206348793311816,0.5990403375071358,-0.3865487520196924,0.5737453382636778,-0.541809425752925,0
-0.2209671181315866,-0.5416106362661237,-0.8421679629016425,-0.1809732507942029,0.0360753137052003,0
-1.8355700665565664,0.7103493227166419,-0.5541362562832626,0.0241015052114982,-0.2220155935893516,0
0.7961043782448627,-1.579948878152033,1.6930613706464952,0.9637102463757744,1.6305323270633536,0
0.5118276773139,-1.0745791934829294,1.5646877628532043,0.7658396180432164,-1.074350584058377,-1
3.3531597543744014,-2.091499130179891,0.2518278072780046,1.3284853154703475,-1.983492532627829,-1
-1.4803476410441705,-1.4328145254059896,-0.3695597704713835,0.1878834841308606,0.3414806960435543,0
-0.4888096386445137,-0.6148877692167238,-0.5156579964620361,0.305298306515899,-0.1356357448632224,0
-0.9958088689109196,-0.4076067720672389,0.383180482283701,0.8810255796332027,0.1392229959773435,0
2.308507343321415,0.0838335966428426,-0.2733783626845035,-0.2689789163983177,0.0984143486862598,0
-0.8469080058795359,1.0251268202173094,-0.3087374223100096,1.2842047734349904,0.2725383159082066,0
-1.850822858534673,-0.877398512250927,-0.9238596348741424,-0.1583443361458569,0.1075990799481004,0
-2.9272759182726262,-0.2340069463086981,-0.9509352272063172,0.2610682388718622,-0.5350187209045907,0
0.3681543022636802,-0.9001391251276696,0.8591069402438016,-0.307635132613019,0.2189045588962539,0
0.3419508237647027,0.645182491684089,-1.5481842307375215,0.6477223496048633,0.0686057742733231,0
2.9060960482165528,-0.0152520461836073,-1.0735391275522372,0.0805505393166257,0.0679189021890461,0
-0.53866583673705,0.3396086872952996,0.5013238634456612,-1.1169492019917968,-0.0947723687603912,0
1.07277315434411,2.1190463387740626,-1.074502652438711,0.8669678658348451,0.7692322815978753,0
-1.601336425107454,0.9341438984857704,-0.3116201223641547,-0.09768142516165,0.3421126954066417,0
-2.235576387520158,-1.2827180166208143,-1.552598583999244,-0.7609930059459122,-0.3266892334920463,0
-0.0091029259155521,0.4315080860698157,-0.3746821060678018,0.7445041880262331,0.3809213621119834,0
1.8010501913573702,1.5108782197584647,-0.2868824542744361,-1.227709642191355,-0.5596316138288102,0
-0.6562402636842225,-0.3256664626657157,-0.3847753845717264,-0.0133265384371418,0.7016017236817472,0
-0.7494994139192954,-1.710206704346817,-0.517698771176091,0.3325591433249035,0.5086609100239704,0
-1.1248934367708776,0.4406879030544662,-0.0615452400539965,-0.2556633562047253,0.0756459518812299,0
2.1021268700634987,-1.913538602572272,-1.423447126070866,-0.6446383555717814,0.0328419519459281,0
-1.6138955355301137,-0.9293635401083906,-0.4585510428472813,-0.714696131159107,0.137848613846628,0
-1.78230279882839,-1.0554247781917785,0.2059376515045499,0.7819351172725215,0.2743005971074008,0
-2.2066249085490206,-1.249594964002204,0.1056451631896753,0.0255990194153401,-0.1263691333025724,0
-0.1418455550042789,-0.5378725093880786,0.0977238722192812,-0.5813153870706421,-1.2553997991714845,-1
1.3930955455840328,0.4969121676936279,-0.4847080428523863,-0.1174013145518056,-0.5431042908425303,0
-2.923352290447261,1.8928100730136008,0.2017199766523416,0.4628708810983644,-0.2857957059088151,0
-2.308356869336406,-0.3702121741622199,-1.1451998613541066,-0.1603602244837027,0.1346599148643361,0
3.9255328833333856,2.0152884747254465,-2.0188036913851835,-0.1910482603637949,0.6153883597343928,0
5.131222312449332,0.6901124063349524,0.5759614747495697,0.4196922142270776,-0.2405039490924933,-1
-0.3888178170187167,0.6326882788392003,-0.2689995703218485,-0.42059923232455,0.3547596234004203,0
-1.9245999334321024,0.0671125594211804,-1.194967342414395,-1.2859191639202956,-0.9170676455900314,0
-0.2488737621091555,0.857520264367013,0.2966179555320127,-0.0364809655848079,0.1584923150202438,0
-1.9747314629381336,-0.975548956656,-0.0204191831883198,-0.0489257129123608,0.0813735297314765,0
-0.4090259894482749,1.0880802697038152,-1.026338534783095,0.2784008876228269,0.3630038298169254,0
-1.4612252039582547,-0.2996532497721617,-0.2534013142013422,-0.788202558649314,0.0349325256101629,0
-1.228593488607857,-0.6550239184112447,0.1056899846820662,-0.4099492657674192,0.4636680139907626,0
-1.6086618421991083,-0.0930874107024509,-0.429761795117998,0.4595178827131755,-0.4019906185511496,0
3.3477028001807523,-0.5703366728507818,1.1237008357404523,0.5675404568391922,-0.9302859378452092,-1
-1.211576263866452,0.5181372677558619,0.5259460028186629,0.0041057887741599,0.1152631671753195,0
-2.8403040427042465,0.2610807821534743,0.4102929895818178,0.7971438916252618,-0.4541357909065147,0
0.9587137653518968,0.4429261631228819,1.695199163460741,-0.4664104286733925,-0.1914690279507515,0
1.8127181001124717,0.5490229049348218,0.2143432844541879,-0.8429080264018355,-0.949378172831595,-1
-1.525883001290284,-0.1091612146153093,-0.2090597359668808,0.9829681190340146,-0.0149340319189107,0
1.3294021698665524,-0.3389793974582913,0.5595734084062622,-1.2265561649543602,0.2900280266950699,0
-0.223214163453735,1.7537763358725948,-0.35178147562683,1.0808953621301034,-0.0238358331193495,0
0.799220002676873,1.5736892180579938,-0.4063148936319649,0.46007005916109,-0.0267179239662567,0
0.6817971378618295,-0.0609169850479553,0.2330182338585335,0.1981542054942806,-0.04122084282425,0
-0.4956779872786239,-0.4952704084898591,0.6962450989239294,0.3702131931938207,0.3179560752174824,0
-0.0201956307042216,1.127664553590881,-1.014224129656285,-0.3193509805015749,-0.1806218419348622,0
5.015497477873718,1.546225659159279,-0.2028941290089174,0.1916780025766627,0.0999956577822782,0
2.931323686380025,-1.1325519734910368,1.3659952993079665,-0.8847773515727985,0.518932948657839,-1
0.0117498389668287,-0.6108058965013144,0.3250746725066816,0.0770500667350004,-0.0337661499439927,0
-0.6987278258781324,0.294599293866632,-0.8939896236215779,-0.0231602135677321,-0.1815759518886072,0
-0.770488924270486,-1.535849959358484,0.7170633098672081,-0.3664077448272841,0.4846218955647143,0
-0.0444091196740466,0.5140648152054956,0.0744347390577278,1.103057367011939,0.7950293035584493,0
0.6213413679372759,0.1022825346853478,0.7432413807748348,-0.3541782797002772,-0.3525795734393193,0
-1.8076636613345525,0.3313579583592738,-1.8532900153211176,-0.0696391535356146,-0.2541520287109746,0
1.3429451512654018,1.6360826200625722,-0.7729756540045494,0.3048138789802874,0.1613499671873606,0
-1.601271637640494,0.2085095282937564,0.0301443029081751,-0.4083481387444631,-0.1918444825538698,0
3.611680179979612,1.8074085530260715,-2.9710639687824045,-0.5297084202325295,0.9088600737221786,0
0.6310214080306926,2.067749214146361,-0.3236219205151212,-1.5888647769412836,-0.2046773545833668,0
1.1499903236323157,0.129864026919322,1.275460888017511,0.9266849853932771,0.0572646252416972,0
0.992864158652238,-1.034269383428762,0.0225702577270594,0.4689638518986444,-0.1322518211879391,0
-0.1612464383461233,-0.6292826444120844,0.4276129187874503,0.4277426814831099,-0.3004146194554246,0
-1.353239692457996,-0.516832538254773,0.5353150568512053,1.08470254295864,-0.4097251271942713,0
1.5018761102452634,0.8274211437721054,-0.1823428706864167,0.9891206592342768,0.6538593291904857,0
0.4847360012824466,3.628483991030029,0.7648327245865318,-0.7256863120202374,0.1519107219586946,0
-1.4328227965611855,-0.385900120840117,-1.475305193022719,-0.8964311578401483,-0.1737184136763997,0
0.2480742725414635,-1.3890369089293406,-0.5649657905264749,0.1532251259255836,0.1287889651975297,0
-0.7143666708660346,-1.3475010488067989,0.6590964059913627,-0.3146841992616871,0.3047696581695281,0
0.8760157340867671,0.0182491837683298,0.0483234672762471,0.0453889559707833,0.2870679567385864,0
-1.841626535030608,0.351266947967694,-0.5857846046093641,-0.1103573948593789,-0.0371738547156535,0
-0.2660497644370384,-1.2978708377735604,-0.5337512157399544,0.8518270575564034,0.6801391167377996,0
-1.1183703178486968,-1.424309661186907,0.1254010349026985,-0.4740198302120429,0.3018206726096666,0
-0.433273385911923,-0.1718077645222978,-0.6746791539885756,0.9645464983269528,-0.1975028742850313,0
-1.3636643808243234,1.4231397866370008,0.6256612722382155,-0.1872596691589713,-0.4996403227821105,0
2.052857937979877,-0.5253143023471673,0.9496889557185386,-0.095515992702395,-0.61941926006925,0
2.413998842899165,-0.5341690254627163,-0.2284433630608763,0.0769474669485763,0.2551628185156792,-1
-1.7649980202304345,1.4977291746563794,1.928116266316386,1.0487603562780317,-0.0825309701560671,0
-1.3658480154027106,2.1960694153502907,3.1196335407447044,0.2653439730909251,0.3764344071786687,0
0.8284023658605159,2.896802856555676,-0.2052688365695094,-0.7445378933630468,0.3028304350982027,0
-2.393514090914879,-0.4264466135087647,-0.0911298350500592,-0.1052937792033814,-0.3942683496207252,0
-1.3214162212482703,0.7853013571590681,0.1113873541514485,-0.5394877022295596,0.3028685796895893,0
2.665095311405963,2.3780395547954214,-0.2234508527020563,0.3453906907132062,0.4455696037844553,0
-0.3025969984307701,2.1152309309113866,-1.109696429547114,-0.0187134081684537,0.5105407735287034,0
-0.541902660812865,2.4116175791508554,0.6571347154572079,-0.8999797515505558,-0.7989621815160621,-1
1.8327632076870852,3.378069897208715,2.75118399455396,-0.8315723596080722,0.4413102890439849,0
-1.0456282031167976,-0.4287289843922348,-0.5656094834371876,0.0503902312977985,0.283842582017603,0
-2.4080523462665604,0.0165953214838763,-0.6736353685019383,0.3258904454080998,-0.0409402712662866,0
0.6994784227028173,-0.8008657251326273,0.393600995514508,0.5176718579254396,-0.8747703079901784,-1
-0.9761414851205912,1.1341657266306076,0.8216621814098849,0.4836129258966529,0.0611090876278061,0
2.383103443502118,1.0384275231303512,-0.1282144211802095,0.151392857119863,0.1512837757972742,0
-0.8529991578262799,-0.6691752436482058,0.713817469324092,-0.8320117906291804,0.3496460246850771,0
-2.184529205007775,0.8244086878789824,-0.5880038526098256,0.4333792713099306,-0.4311839888523036,0
-0.2803135803393022,-0.2937534103499783,-1.181869659383425,-0.0102874385030761,-1.312873083692252,0
-0.7086840634289582,0.1842043264322106,1.828698901534879,-0.19157051847201,0.3065159800011947,0
-0.7658840057848605,-1.2990279227022643,-0.0973202571792857,0.0436609899160708,0.2195858283364661,0
3.2788162330739685,1.1077852648706046,-0.1979992791948407,0.9114676342094868,0.1413406994710664,-1
-1.1947363689973072,-0.4770884826297736,0.4541638533626697,0.1576545180915169,0.2572892570879092,0
2.5401988621127574,0.8118503611609769,-1.2468796801202886,-0.4989550453590303,-0.4552054538512132,0
0.5941890336575109,0.0363572739789512,-0.9166244474858404,0.0634662353447984,0.3966580343964609,0
1.1501047750878732,0.6288595410483162,-0.9344308275444744,-0.1715943266620083,0.6272169808297078,0
0.6849732075522498,-0.9195077049710696,-0.2007136722618903,-0.3238730145773978,0.1600720942378065,0
2.549960782881508,2.165112033065759,0.6022325443780617,0.0869909660967875,-0.4624031125665745,-1
4.131323715026181,-2.024576005527343,-0.0009286337093818,-0.2673820288805795,-0.1645711328472079,-1
5.213390348991287,-0.5057918686477751,0.7498316697591313,0.674325386940697,-1.7984213202039785,-1
2.569794826198317,1.635488181060919,2.396153407193009,-0.3897934829800385,0.0383716901026344,-1
1.5148244488736442,1.9660759031580808,0.2617081381940868,-0.1859469422532328,0.8594264656332331,0
-0.92974944198,1.601716631351553,-0.0557996299232021,-0.1256784561547404,0.7591444109140206,0
0.9566054617221632,0.619650550061555,0.3665335590062498,1.0507532998779243,0.3556834953997877,0
-1.4987590008525336,1.1417871891988254,-0.5083698913658219,0.3080536940174251,0.1365740254249975,0
0.400365397931633,0.7399026306379074,0.1060845191587492,0.1555644547176144,0.7402893926510739,0
1.4754283161810944,2.816063478643213,0.8332105102343156,-0.2238130156201519,0.8237746147357606,0
-0.2605571755615811,-0.7628744197452082,0.6781792438306536,0.0697828723308771,-0.4091964390331677,0
-1.189176180229956,1.0268034667830286,0.3216644270157713,0.2218928032212362,-0.2610009580501383,0
-0.7797384919685607,-0.87064207854008,0.0916077297211218,0.7364429621844469,0.5245375483730509,0
0.0483598297975385,-0.5203308685950765,0.533695884846837,-1.1863201968984012,-0.4839224838067527,0
-2.70817546967264,1.067017743441253,-0.7559226858161819,0.9584965334526172,-0.1330373283433423,0
-1.201035392901294,-1.365809841485057,-0.5313933505658308,-0.0363260104161413,0.0251029949256002,0
2.4027474591508877,1.6154218382896277,-1.3745429723921865,0.0656165538994382,-0.5014468532003477,0
-1.4604389868639631,-1.386972855512545,0.628980277414582,0.9851963184774964,0.2619837334650742,0
-0.5380252525819588,1.9026517039373585,-0.0036102732101153,-0.320296035723184,0.6958553610439018,0
0.1991118485021561,-1.7222366393141513,0.5067846874583586,-0.6879813827934319,1.0847427630944586,0
-1.5890311921959637,-1.323462661746741,0.0009914111420168,0.657809310467416,0.6013633048365135,0
-0.5690572671669332,1.38243611294934,-0.9250297717769692,-0.05189265032448,0.7651670501797249,0
-1.9997986028076011,0.5486761106116917,-0.3614111579400331,0.3109983003061459,0.1151110479625513,0
-0.3768896729877947,-1.0635468343303411,-0.1085336993644427,1.0193539164320495,0.6056419727287272,0
2.179185006360077,1.577428480549651,0.3617719497123789,-0.1439115563918957,0.2514418018850836,0
-1.6053813749527766,-0.9670487873793532,0.0015700627794212,1.7933457434967492,0.1485994738315698,0
1.675951020145834,0.2944028769039035,-1.035210463112991,0.1289812517055015,0.3356807873494051,0
2.0041465651275385,-0.1112545059041235,-0.5835800296997518,-0.2876437069964858,-0.5861982810267876,0
-1.2569042633349814,0.4716624218095754,-1.0927795096558257,0.0033786237457275,-1.218302093949062,0
-1.8805443213276456,0.1411185694950744,0.1221987872175519,0.334695583447836,0.3006679577573118,0
-0.9408004678697064,0.522591498389683,0.2700531876273875,-0.2623115870180434,-0.6881886740975398,-1
-2.896073818735491,0.4235486080358216,-1.4409684164414027,0.3545112783979148,-0.596399373336334,0
0.5428993192861211,-0.9025023913185476,1.5614414639796004,2.562089297940952,-0.3832492400324951,0
-1.2286548833710456,-0.475894634998169,0.7883082478973333,0.9018151225336878,0.3166610629622693,0
0.5966684724513642,0.5275766485534611,-0.3103489156845773,0.0623017815441084,-1.1695375636594565,0
-0.2611103832267825,0.1543214727153035,-0.0123725154204477,0.5258123924561863,0.1988003004378791,0
-0.6796165357181416,-0.6716104551036998,-0.3913604356446787,-0.2823357215348487,0.1907633419825619,0
-1.4486512719189488,-0.3163675624996087,0.2511489166164957,0.7865794517008653,0.054832022442428,0
-1.3052323342739456,-0.8645760162767552,-0.7702608304547528,-0.2733192481497962,0.1201531233763673,0
-1.6462843069810456,-0.5580449836615933,-1.0760994122452143,-0.058082021545491,0.3053076494950247,0
-2.502179145454727,-0.6468151044213843,-1.0323002985380787,-0.1793311980014292,-0.3687249105095778,0
-1.312227548946389,-0.3784374075935406,0.0843271344108735,-0.6553771757638558,0.2970650713532801,0
-2.0696698390640424,1.0325963533546847,-0.3983098946898308,1.113425119124991,-0.2860916216607793,0
-0.9939632543362162,-0.0090194954000275,1.2235180844822502,-0.8436485462220186,0.2500807259567908,0
2.462816615396942,0.2734878526797341,-1.18069299924564,-0.7016729280591975,0.1406328666788004,0
-0.6794172111027851,0.2471244923646386,0.3061466518829538,0.3671493591857415,-0.5131071752077659,0
3.4239860608950683,0.6400858081993855,0.159518888672837,0.5709821336444173,0.2873097906624076,-1
-1.361702423714198,-0.5331407000220804,0.1928913560622204,-1.4381798894063265,0.1541181970747043,0
-1.7264796172238663,0.2232499948393898,-0.2425593739863963,-0.7076675813836258,-0.4949410872776199,0
-1.382224486350646,0.8613349518857345,1.5436368868329542,1.0359876449482035,-0.041446745367241,0
-1.8865306870235208,-0.1073460244677695,-0.5021541935317946,0.2398280389676976,0.227848788213594,0
-2.7723538490194355,-0.6061059445971455,0.0484196734024279,1.2357720172401696,-0.5946884860168573,0
-2.834601080837781,0.2420824576307986,-1.4938205111000271,0.2726145648313333,-0.2356076514644139,0
-2.4112466340171075,-0.0892373342537139,-1.0725148193392924,-0.034964725939714,0.0820436211300371,0
-1.2938087699770235,-0.3380322888387313,0.6894475508842655,0.6578261802847241,0.3537118785623155,0
-2.0877135721432345,0.3946553005987496,-0.7908785900555415,0.7699680959280799,0.2629466002970883,0
-1.480499896973647,-0.5365512180351152,-1.000312130559842,0.0787863672164976,-0.2927434914534287,0
-1.817518295525272,-1.3789257133222488,-0.8665375458556371,0.8453604710784391,-0.0545774609431455,0
-0.8150782291493155,-1.808693449568492,1.505338866627547,0.1846020583032358,0.697421031804505,0
-2.6177121433594333,0.5572154012628107,-0.8103629800123007,-0.8794013986031132,-0.1222621640025897,0
-2.3630740109358324,-0.2718278885829042,-0.6290669048365541,0.7738396400197122,-0.0283416032743006,0
0.6488802026615859,0.5069519709227496,-0.7460413402546405,0.1544850754769489,0.4636331997702055,0
1.909380197069664,-1.5229551100655905,1.1031793849156974,0.8011416055836414,-1.6905332266159565,-1
-2.5052620413568207,0.5299361067823988,-0.4715073568164454,0.2242816009216581,-0.2055341124210906,0
-0.4199548375367848,-1.2445887117256036,0.0411938277178715,-0.7079878103910704,-0.374263584255164,0
0.3221615839170237,1.3022245816455518,-0.7897858550093713,1.382466237556265,0.586581441554474,0
-0.7683315718718445,-1.2731477384701937,-0.994906468085328,-1.2738598247844333,0.3980117199713368,0
4.267336264794045,-0.3644297847705753,0.1466116796722994,1.0834656863937966,0.670537623448372,-1
-1.7122754400796911,-0.3780556469168194,-0.4964867000011396,0.1390588090522474,-0.1055524632699251,0
-0.8399081866027938,-0.6111635434862975,-0.0810129976651464,-0.5238917386517273,0.4062882717540463,0
-1.948799563691936,-0.2704997909304187,-1.508835297447657,-0.6166055418974647,0.2373037546515473,0
-2.6297861993133185,0.6724947716738527,-0.3512772210485052,-0.1369804441003822,-0.2716193999778269,0
1.69809491056132,-0.2775791740490643,0.0414239934059422,-0.6016013217379226,0.5571781246253545,0
1.7976312229490952,0.0744527856905437,0.0523632102630223,-0.820031771067267,0.3594249567362798,0
0.4764274160113235,-0.1848317592027704,-1.075471562786685,0.2067182246601339,-0.3300689944368727,0
-0.2340046423582626,-0.0989288549200768,0.1428885810682189,-0.1823534943418261,-0.2270185998111371,0
-0.7396147710570223,-0.8862953384600748,0.9838296944317592,-0.2296814975994683,0.7503197460469073,0
-2.0698710077559768,-0.6537600974797599,-0.1898170412212927,0.6579761332551848,0.045296831889266,0
-2.088813104861705,0.4522637526639277,0.0267856352904853,-0.070163109106587,0.0703735589622464,0
1.100392541468986,0.3816380603499554,-0.3491453116878362,-0.8569566926138336,0.5646504684610166,0
-0.9826437316221852,-0.6933629265493881,-0.795220105400157,-0.1675194359007992,-0.160600490605677,0
1.078105057413482,0.9043322179082972,-0.2195902778426903,0.6853455477952703,0.2976356825448784,0
-0.9751149100996772,-1.1389007306744765,0.6175904190559488,-0.0956773906231474,0.1701803365073748,0
2.5913180958705784,1.915704109976354,-0.8882347360596089,-0.2796502448941157,0.9035636371727268,0
0.1223584007740876,-0.5647965214602938,-0.348759715073323,0.3184601285587156,0.073737532956136,0
-0.7204777367829212,-0.9239557149651386,0.5453629982846221,1.016502592346632,-0.7736237712215334,-1
-0.7079080899939524,-1.2671447032114749,-0.203313748903473,-0.3668849807367164,-0.0662610369583913,0
2.009220813179387,0.8093743500527797,-0.2890240295338365,0.7656710053421277,0.4136137635004291,0
-0.2370126022132525,-1.8111650172058733,0.2140544399753961,-0.2832707987064271,0.8724851058939727,0
-1.2362972319450205,-1.0999373110626918,-0.3061304565600057,-0.5572613736653993,-0.3774358453795879,0
-1.9194951216112184,0.3368150242278879,0.0559340911576653,-0.0983455398539032,-0.0835001173444247,0
-1.2896785189554671,0.0376240182357735,-1.1875122835926049,-0.119043331318587,-0.0138925547887127,0
-1.6702071828543126,-0.4642602298678803,-0.2458917248038451,-0.1195894850274818,-0.048505045581192,0
0.7069859480295992,-2.616035228399154,0.7687905984224613,0.7682970262479171,1.0256489706131808,0
-2.316327707958506,0.1400458943361555,-0.0511991490770817,0.6839358860483881,-0.1321198014030377,0
4.348735442478058,-1.2864734914016798,0.0732713441199798,0.0421542346791903,-0.691867354493763,-1
4.724059689014896,0.8029371690858687,-2.456042438135933,0.0054947352923102,-0.0816874962749619,0
0.4705362431568891,1.17797889926284,0.6664544688908995,-0.917678694335154,0.1960899024554755,0
-2.0728713666669147,-0.2704739582958676,-0.5771091491015536,0.9422602275388576,-0.7722716944361656,-1
-0.7163024628683828,0.4502311227435552,-0.2727488950223491,-0.3629424051207715,-0.847885712035013,0
0.8100934001814911,-0.9621173817063492,0.372660083164913,-0.0523958414333531,0.105284644839516,0
-1.916372541680467,0.2827393638474136,-0.8557759518258675,-0.3835361198933166,0.1292894962834195,0
-1.4434841872177906,-1.055483407982687,0.3677207678600657,0.8725325426785768,-0.7274493073718523,-1
-1.6571085783128006,-0.5514542852451464,0.3042680481988798,-1.1258542306911363,-0.1324271306442996,0
-2.562553402245164,0.6488604291432666,-0.1959949881272571,0.3926063149723732,-0.0129179570255611,0
-1.036420891263973,0.5028138007530971,0.635058577554557,0.4154946094326822,0.2684668403874098,0
-0.8657037040679932,-0.2677009128225451,0.2241091575123142,-0.177592967138381,0.3067859260913281,0
-0.6216581476101227,0.5862735295183105,-0.8811120311039863,-0.6437421731665616,0.4266743214178826,0
-1.778064643998751,0.2712096028033687,-0.392829355282416,0.5141052050123104,-0.0328914724295505,0
0.4830323948007027,1.667470769151808,-0.8419294020378707,-0.0723742683612107,0.5737076443016,0
2.2060029451556504,1.8141087802336917,0.2454910653395668,-0.0791636937709858,0.2413215493126424,0
-1.1372305049691391,-0.1927755258403643,0.021087183859445,-0.1043182187373492,-0.0085740892227784,0
0.4710803418012162,1.0318080277956216,-1.671985345930558,0.3877092042747216,1.012016594381238,0
3.1134087570013134,1.2900048406052558,-1.1191700452761868,-0.2665077416654342,-0.089414951798411,0
1.9792764060288768,0.4432719901381421,0.6089446672876335,0.7619526181027079,-0.1323008961636178,0
-1.4502457438521503,-0.1295302183246222,-1.230746072865191,0.9195227938677952,0.0638326247393976,0
2.023879071579852,0.1618528610396852,-1.8329203532919447,0.7332811351819997,0.3116227303733425,0
0.6302480304012377,1.1209158839490774,-1.805347701811678,-0.0991544894904988,0.333209936840428,0
-1.2824545874458706,-0.2493223651221126,-0.2682364481257633,0.9518107062657014,0.227171293491849,0
0.632057614073964,-0.601270882791863,-0.5631660531293254,0.5084148233715492,0.2340066866856077,0
1.559448357071389,-0.5460400793328702,0.8096583545711106,0.9416621640076888,-1.6978002874415237,-1
-1.8822349886158496,2.3735118912924262,1.1944739511464866,-0.3521326542635192,-0.0028389932357376,0
-1.2206580777595888,-0.2483856384599399,-0.5854982137134084,0.7874026152975556,-0.0809006318077394,0
2.534428186559924,-1.829724898366564,0.7492891208296937,-0.5060419895509591,-0.8300024217791904,-1
0.4990204735347776,-2.5031793121650208,-0.2169570249788365,-0.636009571522845,0.464060604635883,0
-1.370226357337135,-0.8575525416909312,0.0749776396076392,1.3424733194867229,-0.308970262901117,0
-1.7024170222028774,1.9163576220560308,-0.0725781476431048,-0.5480739483006176,-1.6398492753279492,0
-0.0211945216819584,-0.7864537233085326,-0.0082807975607413,-0.5124402181477129,-0.1760139484800544,0
-1.383189296712793,-0.2893279162267116,-1.044383681285058,0.3248096749716266,-0.4398208615126129,0
-0.7138167975459859,1.2491416688821606,0.3462796491966903,-0.1106922172875381,0.074482927282613,0
-1.466682168545452,-0.3043794790028179,-0.8292967091874157,0.4674914427220855,-0.6742754454806504,-1
-2.1734013201672027,0.5811363286354069,-0.6892324828902809,0.9057142978237476,-0.2087218418100702,0
-0.6627260828193733,-0.52699814940673,-0.3108960339272197,0.6081564258560656,-1.0522706001640338,-1
1.9913157102117545,1.0508310083836203,-0.125552389418629,0.3156042158680955,0.4577096935249327,0
-1.3447252077510965,-1.7446234370657694,-0.4330846825597296,-0.0517402160606461,0.0043108355103817,0
-1.0673334842552038,-1.7008856740678464,0.9054031656909226,-0.0486302189658717,0.260626881693511,0
2.0433511621033533,-0.3959642748847037,-0.1187588931039272,-0.643844309549085,-0.0756897846457709,0
4.219253799054105,0.5256794747020004,-0.5676285817244747,0.0590295211072393,0.1716693915771048,0
-0.2451333774075204,-0.955243146616153,0.3469223352118973,-0.0203989504324679,0.2530315763337477,0
-1.6846618681737076,0.3864056060451551,-0.4694283205752823,0.4707573145377479,0.10633756606046,0
0.2632734662947901,-0.4562514165331521,0.0570119809344331,-0.4946730187552562,0.1069638360702977,0
-1.2396619956742547,0.3869628371140592,-0.4723590660990532,0.1777244094764317,-0.7337957333774344,0
-2.3782858311069384,-0.1150451580348375,-0.5820837584126539,0.3070243961022468,-0.5452004738651866,0
-1.2318820810528022,-0.5444801734763333,0.2076380934835271,0.3758703163034941,0.1771469553242664,0
4.628720296209592,-0.2921985549581014,-0.4042040845637623,-0.5652294852503138,-0.9468302272640372,-1
-2.008981596629778,-1.0269516458924983,-1.2340932008384446,0.1519903301800917,-0.110032582889708,0
-1.2769887788992045,0.2808762048691896,0.1292689512298059,1.2470906710654706,-0.3662738143547657,0
-0.8118190456434276,-0.6624103837337608,-0.3026065782142923,-0.2210892887960504,0.2078346451362135,0
-1.988207200726188,-0.2796079753865585,-0.6432314434297305,0.0173246146917639,0.0365556318749849,0
-1.2424352045154956,-0.2403460135229064,0.0295975171948239,-1.109438948663152,-0.1881268076446648,0
-0.5431598030410524,-0.2486278812559846,-1.0683582907457674,0.1898333645787597,0.4776038365282702,0
-1.335963371197068,1.0972010753987502,0.2056606371671858,0.2608919659119845,-0.6769540663950436,-1
1.3640681836382988,0.2684714642554071,-0.150427811848715,0.2173134547869206,0.6071603432925817,0
-1.0502820529390138,-0.4215518615019086,0.3900752641294186,0.8587015440775221,0.1982716867120927,0
-1.7665752357043225,-0.1289889383260451,-0.0249421146413644,-0.1641312749272161,-0.0895035985159192,0
-0.8730527514299559,-1.0744110177875528,0.1155801112786867,-0.7998438796651746,0.2971283054401618,0
-2.360317173483618,0.9527704796733812,0.4313710819918775,-0.8704575406390438,-1.014288817127378,-1
-0.0703044845526951,0.6671375492070011,0.5394553697785495,0.7799244933779277,0.0820342572890253,0
-0.6083523225113368,2.0294125535805154,1.783498758849159,0.3966046377324919,0.7657876286609857,0
-0.4549626580080255,-0.4518107792258587,1.124352953974994,0.2907967059383717,0.4743188405783528,0
-0.7144516691694915,-0.9238592604587554,1.6496501442603404,-0.1219132790030237,0.526550263887297,0
1.9680244638041704,-0.3898926985911507,0.3609478054199337,-0.1195641100226967,0.1495301582124632,0
-1.8881507697099036,-0.6946584384414893,-1.1626681235804863,0.1194264850346426,-0.0488362242390298,0
-1.2882517480543838,-0.0777040130027304,0.774868993517408,-0.9460164882483456,0.4183841547632735,0
-0.755656680293154,-0.3783706552807481,0.70565618804721,0.9916621253005804,-0.1084520219621524,0
1.5493004020578798,-1.296634216825649,-0.7646335153227,0.5244874649302762,-0.6112493990357631,0
0.0664891660694528,-1.3693550373739312,0.0133676650565771,-0.4036070660867604,-0.0240858593181614,0
-0.0128107751249927,0.0461843274286001,0.0414483353564282,0.3326639689218291,-0.3655313678062768,0
0.1535226797309613,-2.123521082005868,1.9150568447313003,1.1304119859629551,0.9451613109129148,0
-2.21172594456376,0.3963524926665743,0.8835273944136212,0.0443876273505224,-0.1633642250879645,0
-0.5385852608053104,-1.3878670609064934,0.0443758316470063,0.2096428814347851,-0.3311736559742878,0
-0.9736133970512414,-0.1248110082917042,1.3700595574490728,0.6944023116784284,0.1837855812241859,0
-2.3923425048665634,0.0469763644625729,-0.2648012191645751,-0.0099678902524984,-0.231747246246098,0
-2.2608852636863164,0.5665380914906242,-0.414492057057113,-0.0016514218950601,-0.1580291299227312,0
2.9869265498198407,0.3279518775927084,0.2322801068648977,0.1860290693849491,-1.615961673506175,-1
0.2051906166034437,-0.8105245204353799,0.0285270081183799,-0.4929387129292086,-0.2193618191552229,0
2.220399731757257,0.6138312982972869,-1.245110115773169,-0.7662388220888797,0.3199947819018454,0
1.7233203270373847,0.7568272381916045,-0.2313133397229113,0.1580556902717446,0.3725924122083251,0
-1.2503317405154124,0.2694673576608405,-0.716829777940453,-0.092893632932643,0.2417338876491963,0
0.312807308336102,-0.0473614965569262,-0.1471715654932694,-0.8467293899324237,-0.0546149159186565,0
-0.8979014675583127,-0.137391644944795,0.4698368156268917,0.3093160420609264,0.3142282756476819,0
-1.4122278141106952,-0.0178938286353816,-0.5730873396404742,0.5083219754177104,0.1798499979889312,0
-1.5339962417446673,0.5943946442206224,-0.0969531249501771,-0.1871386712911824,0.2210441114791545,0
-1.8653643002716704,0.2457756739667797,-0.7860630469375265,0.4344008433062017,0.0084021457095255,0
-0.955356157554752,-0.0513050433548247,-0.3948230714047384,-0.560946633689879,-1.1517942179361826,0
0.0014624573606729,2.275624279116396,-0.0563336112368154,-0.3811691130825472,-0.3425026735595731,0
-1.8569441492680232,0.1906950022073161,-0.9363378861277796,-0.4756914907700217,0.018857304194644,0
-1.0723117841392378,-0.996550773422916,1.3097370877941346,2.0794806801724435,0.401401320210492,0
0.2852838178355724,0.5441158239198663,-1.2187856253351856,0.3657143034386587,-0.0252896161415073,0
-0.1205887138106856,0.2537891003529806,1.402219640027693,-0.6335905899601167,0.2898141494228546,0
1.495230275759612,1.9022996278439184,0.6017471440596786,-0.6470838235525681,0.0741639885361269,0
-0.4802685868236029,-0.1775262651227121,-0.1518890535196087,0.5396599376435341,0.4053601227743765,0
-1.0451685752858006,0.9696895636939696,-0.564877088733464,-0.2141487882108965,-0.3804815853258379,0
0.9825183036385648,1.5903636521173516,-1.368452232360875,-0.386940021947967,0.4076759478256044,0
-1.612275006185214,1.6304678602719165,-0.0722504724111342,0.0229142288897051,-1.6947617450895356,0
1.2207008247599478,1.7135514049368186,-0.2061311303942935,-0.6447711170061342,0.6950747720049609,0
-1.1489181897696308,1.634161718747972,1.6497833791410312,-0.3844290370659264,-0.0769885550013412,0
-0.2794444026231732,-0.939480537398189,-1.0729834768889202,-0.7794140097625964,0.456939838113934,0
-1.4342712431625109,-0.2076904531628818,-0.0196789084656401,0.5503279743176857,0.1720155980462172,0
-0.9953085048380936,2.2376194151266247,1.583792284189234,-1.438035194050199,0.1944968302253235,0
-0.2146619517049286,1.2114829830302003,2.094270025409051,-0.4395682472505096,-0.0248777328649078,0
-1.255736828195808,1.241473571975077,1.026677553874065,-0.3307987355923355,0.3559700087034732,0
-1.4476818826887403,1.2365279618801557,1.1262204913887308,-0.0179936939689471,0.3269657431418529,0
-1.83849998096054,1.4348487850414626,2.042649657690262,-0.2432880924360445,-0.2578510417291122,0
0.8251765054858956,1.5071424699721727,0.8453858992727753,-0.3771757437273931,0.5538825364122418,0
5.038595208445556,2.4659403222491565,-1.1269375536177866,0.3491812072123479,0.4650435696761441,-1
-1.3943546615879092,2.1178220841928903,1.1736495282436037,0.7218384986900811,0.0524020445919142,0
-1.83410311770914,0.2545768178642606,-0.0813009978567781,-0.247180151240926,-0.3067727418598163,0
-1.9502430722015571,0.8938516333959732,-0.5097959033081719,0.1708414526234699,-0.5402073249860303,0
-0.4706420742292089,0.7286507069433371,-0.1282962533767058,-0.0117080825890782,-0.9757733621059972,0
-0.4834650905720436,0.7627227781699828,-0.0556267141810101,-0.3008268711156296,-0.8028889861744404,0
-2.0306018638519494,-0.2461862935770026,0.4354332388434632,0.1802031872170908,-0.3860386024504107,0
2.022096049187603,1.4401408636729758,-0.3900993463205737,-0.2656818575675462,-1.1724558373487004,0
1.0155699794512794,-1.4153961846341985,0.4170518468801969,-0.7711200460291817,-0.1080254736451966,0
-0.8786566396119659,-1.1672607935901385,1.2803130279810224,1.278835496115178,0.1717673546855414,0
-0.8799650894660724,1.16439101017692,2.026607348462725,0.0861063644694816,0.3761859792230169,0
-1.1149198145123898,0.1063056253581341,-1.0061548103376097,0.6584913516413861,-0.2013579467448479,0
-1.6979912752949238,2.0051000137870423,2.1173317771056497,0.1591636869440886,0.3520558864800856,0
-0.512579332148345,-1.2568104512401352,0.0388588747168138,-0.0948252986793523,-0.2239819798936652,0
-1.0108139701097636,-0.3825550225157168,-0.497565445403693,0.1281659074081306,-0.188460775002662,0
-0.7475753170868129,0.7762892869269885,-0.1782312328174486,-0.5232701600344554,-0.3250722783156338,0
-1.859349028500915,0.4193813787462376,-0.3384184210201159,1.4971099154602097,-0.1277086969593033,0
-0.7314022830863612,-1.298763716986133,-0.3109243618876376,-0.3674882683776202,0.1254359843133403,0
2.58548700991179,-0.2264118860322711,-0.1635510001622776,0.5629630301080493,-0.6848579773356068,-1
-1.5351182062567403,0.14232587939195,-0.2738399678096818,-0.64543157706704,-0.2575394331358743,0
-1.6975085330418769,0.7751043065580027,-0.1939732763659638,0.2407153684854558,0.0350073689636473,0
-0.1246894657652672,-1.2132057151826008,-0.7223725866897143,-0.4192911569919487,0.1590398650436521,0
-0.6623179475623683,-0.3305335246109267,-0.1907113523551117,-0.2694745900095233,0.3933464730047152,0
0.4513905249875464,-1.1378735921090806,-1.69538513848357,-0.0454578696229921,-0.0865381630636907,0
0.937911602195548,-0.9387238508928892,-0.0569093402637533,0.7289377974508086,-0.9053333491603373,-1
-1.5028004676352336,0.5840369866789082,-0.986680924039356,-0.3731347255402522,-0.0938118884674647,0
2.168897614130745,0.4323007681328707,-1.1625142236248525,-0.3011964327456569,0.1165307546028066,0
-0.2753183044224798,-1.4378403173070031,0.0868414406849377,-0.6452236259572384,0.4660766258085034,0
-0.921046731527042,1.0687979307577,-0.1184462447373041,1.2219893859008288,0.3714821355390305,0
-1.814840705329685,0.9790902617881844,0.5854542837419571,-0.1683589100876917,-0.0493628606022197,0
-1.9192220005203688,1.0159197477958115,-2.3600438115875817,-0.1522313109795217,-0.0018450804494416,0
1.402122867329127,0.188934224844092,-0.0008637718136169,0.7051579947652742,0.6418313287986089,0
-2.517846575780892,-0.231509023391402,-0.9807594116893996,0.8439287098745726,-0.2358441017850275,0
-1.7954765796128789,0.8618570325526653,0.3275203943218951,0.793525341037279,-0.0717364709692601,0
-0.6927935996633661,0.7016740904047595,-0.3511187321217673,-0.778612388116155,0.1321556622123246,0
0.1111013887538372,-0.5313115951185077,-0.1655206481135067,-1.0414458532640156,-0.288040966632851,0
-1.4683217591268944,0.0571038149240291,-0.3761414575513017,-0.3594809108391444,-0.2332986424515287,0
1.1894601016306934,0.2306460250529383,-1.0668143925677993,0.0919551974035349,0.2375780592363226,0
2.5622571027398418,0.8863040831987207,-0.8883431811572658,-0.3042943410161468,0.2013941197611928,0
0.0934020942911587,-0.1775305515380592,-0.7589502922034022,-0.384388573674347,-0.2068973776362635,0
2.3300188941950184,-0.5685127361051642,1.5089753858057418,-0.0907281161764102,0.2399273154565203,-1
0.2915082821298437,-1.5111470785382577,0.0728166172886358,-0.5426666830832547,0.5404017910708314,0
1.1555901880776307,1.9484726614752783,-1.8993115663384768,-0.2357284565370458,0.4022568282638314,0
3.1436231709925173,-4.667128383683535,0.6172612265189381,-1.8698350295365185,0.5461498805033843,-1
1.789222609789971,-2.8695454538532545,-0.0700239124356362,-0.887941467528878,-0.9484552049556813,-1
0.7094337012356785,-1.0424453081224216,0.9214959008191445,0.0257466914594946,0.3500852247790108,0
0.1582248055090547,-1.7587446389972672,0.5064544513479392,-0.7963417313392338,0.5596729579223698,0
-0.7188733260312763,-0.0272889085384359,-0.9730694623033336,0.1629839585436999,0.6461769940235224,0
2.499326570433619,0.2667152708684759,0.3393411758484341,-1.2897444458759482,-0.4102050817424771,-1
-1.5220041489565757,-0.093970509629655,-0.8788471909111424,0.0140203713824338,-1.0430860029256697,0
-1.5568820023157766,-0.0164171241868659,-0.972373077127458,0.4713678491305711,0.3201328617804648,0
1.5854373647767903,-0.7614406803594399,0.6428985043469303,-0.0395956011825286,-0.0669348158631429,0
-0.4346135033785918,-0.7104008852531268,-1.088860728498117,0.0179320427531376,0.1364972026293308,0
-0.6565887347090319,0.5822989488363325,-0.5005997785628296,-0.3581875430299793,0.0292805801619484,0
-0.3972307421700321,-0.973372902328192,0.6272467944798554,-0.1964823163698645,0.3516553045765458,0
1.4808373871891027,0.4546806861313891,-0.4698801272372364,-0.228824598721698,0.4959707384127432,0
1.4176841422247737,0.7729406341038288,-0.8217667050651843,-0.1540167733464967,0.6101221525127878,0
0.7466179391194678,-1.132779571169515,0.0192604529490606,-1.5928560939432304,0.1115966097331836,0
0.3830558768236685,-1.6108416053214294,0.3901764997240048,0.0456533535423334,0.7151278483771712,0
0.7831836191210644,-3.409247199288325,0.6512779675873105,-0.9830529177994958,0.8893168876723236,0
3.566999468023286,1.4350176150559832,-1.3155106482259982,0.4278409204701544,0.2891675397845564,-1
-1.963075430076909,0.2179348828339352,0.471645615739735,-0.0053106277236717,0.0690202679610428,0
-0.3260287597846339,-0.1592063715801999,-0.0850713262027404,-0.3902789387116337,0.0807289814410671,0
-1.8438375096503488,-0.5553445595163096,-0.4106155837911794,-1.0562684463980214,-0.6325495273490477,-1
-1.4955625215306505,-1.7826005098719997,-0.2062879648369919,-0.656801779960974,-0.2814677844522381,0
-0.1111523619560487,-0.4896956952526929,0.0367952060765055,-0.7901831922928905,0.3105997872084688,0
-1.6214517885303388,-0.94523176309332,-0.9505689670885789,0.2580373184075378,-0.0188964972757474,0
0.758001519117329,-2.0270779071745832,-0.6757079049130645,-0.6398311806937691,0.8959697275091713,0
-0.7628237544291758,-1.420219520013557,-0.7110147490207844,-0.8712228852757619,0.2579028324010045,0
-0.6100485329427567,-0.6776303515666037,-0.1022516539142735,-1.1001937053714734,0.0031351469464458,0
-0.403366957858077,-0.5339325118155359,0.7010826572562341,-0.2777576564479847,0.1789238325064009,0
-1.3007293758706653,-0.2056493840983116,-0.509672580015126,-0.1509788586055898,0.2758032693371604,0
1.7376848620819878,0.8019710764779264,-0.4021144052315414,1.358872503266059,0.5963192806633084,0
-0.9477306632806044,-0.4762292105008558,0.0094376355609922,-0.5997549473756291,-0.4307900372943692,0
2.849943754429229,0.525866807031565,-0.5501958401791845,0.585638779675715,0.28201594607023,-1
1.0040485438578133,0.1796406527687577,0.5788183933928267,-0.1952518324410728,0.0148906952563525,0
1.4056623976580664,-1.038783227587266,1.875226457151658,-0.915940472011032,0.608745541618841,0
-1.8538246896560584,0.3427892692543243,2.278342175144743,0.3474209938237698,-0.3080119191919361,0
-0.1645744391717814,-0.0146670170037481,2.2565350666534485,0.4106173123293435,-1.1540105642366822,-1
-0.4253844591221857,-1.227931780682454,-0.3677888146434476,-0.0829971501299687,-0.3444989331103255,0
0.4020226234940464,1.0449728746123992,0.9224460062261988,0.2662785063364518,-0.274262232161003,0
-0.6448178405504706,1.327427419445708,1.07092696746625,0.513442516440692,0.3741239800204666,0
-0.9771324420750696,1.6603133341910403,1.4923209518121487,-0.4039866614454501,0.2094966214976359,0
-0.6107383513155813,0.3752910850857354,0.1307210169831672,-0.548694694449524,0.0927300373944952,0
-0.9448380055845076,0.7806128254710826,0.689776188061189,-0.346513263047186,0.4059263018410279,0
-1.5113719169590043,-1.062033545699805,0.3971574816027404,0.2919070027495415,0.2876225883285147,0
-1.445490329100227,-0.5327471680581127,0.0078872234597601,-0.054259567755742,-0.5601979130442769,0
-2.049130880040686,0.0399574319628725,0.4917643007153197,-0.2037107563548868,-0.4008523991054579,0
-1.151457450012792,0.4084529441704876,1.7050221168893462,0.759415078019046,0.028984313535774,0
-2.25323913159278,0.7065959418100891,0.8113624510014806,0.4720033916359962,-0.2344866768342819,0
-0.3658137838519581,-0.2839002037950225,1.4036661490515645,0.327949845475121,0.1986047615825104,0
-1.523465483002154,2.0651506184350445,1.6914540245843768,-0.4847479118710078,0.2682008235189935,0
-1.4422163394258618,-0.0055568048467468,1.1321750837913669,-0.4065354994582023,-0.209907697174889,0
-1.1105385231576,2.0687906851942333,1.5056154545071156,-0.3306853656812398,-0.1219776891288099,0
-0.9673277718068072,1.1691584693436892,1.7368710578787832,-0.7922881015424722,-0.4082939323517206,0
-1.1377040476097893,-0.7066656682423579,0.8556042081128683,-0.4242786952871068,0.213719785589873,0
-1.7431559425778822,1.0967466713328835,2.2504195521501744,-0.0131961587237657,-0.1140944335772813,0
-0.2595034462151475,1.425000198154653,-0.1101221766728593,-0.5386236603767077,-0.9020095327950476,0
-0.6400158732482532,1.074987233640026,0.5053649464399625,-1.229337609152964,-0.9182818828275536,-1
-0.1768989130982124,1.3457712096360228,1.0683186310971906,-1.2170743095805676,0.1373051307638444,0
-2.7821772713847808,2.756178460423867,1.2515202664150642,-1.3891085619862171,-0.5041350290337763,0
3.3821455209001945,1.2424881013233675,1.7597239064928156,-0.1642959395610393,-0.932154960926742,-1
4.443992235461646,1.1187686380233488,-0.1369844950159672,0.1721456145016988,-0.44177549279482,0
2.2917544454020766,1.3796405902785178,-1.0219582633952198,-0.6421347235200092,0.6764073593520559,0
1.2947588195212416,2.2654339254393427,0.4160570734236553,-0.2953231800410075,0.8224209519622225,0
-0.0109295229754287,2.3198473376277544,0.7493531653916113,-0.2699492791312256,-0.0147850406992002,0
5.9097122448095885,1.0843202359474076,0.8919115096625065,0.1482171132709928,-0.6266315337710255,-1
-3.1331312147618715,1.518444835041621,1.5896970717527918,1.0088967626638472,-1.4212455491056628,-1
