PC1,PC2,PC3,PC4,PC5,PC6,PC7,PC8,cluster
6.990335768360313,-1.336838543005637,0.8964179519915777,-1.391976995142483,1.0109165249756875,-2.4781667853643308,-1.2792987048906157,0.7383460814954391,0
-0.4617940042917234,1.106199641291328,1.008822564571356,-0.0787470346236361,0.2057610788230797,-0.9999824153953024,-0.0350383560172925,0.0256202926304007,0
3.5171894739344225,0.7324305396311005,1.0702419054357264,-0.4430809069524557,0.5114430189439356,-0.1438003083590111,0.0197363082135914,-0.4404730163858074,0
9.691833709746088,-5.754113065533401,-0.1475612361955541,0.906469162517654,1.339224131090471,0.1391918839829542,-1.110040570047671,0.4532781606893205,0
1.4953382339681,1.9114598144846748,0.4379639623017536,-1.7395264335097584,-0.6531243251197931,-1.1688846599222071,0.5377649368550503,0.1122044938768297,0
3.7797547006350896,-3.3219591729986147,0.1576782580140582,-0.263133242328429,-0.6376909721183711,-0.4841537120155899,-0.1623282438934455,0.2552690493922079,0
0.366048650729074,0.1582505099701858,1.2710742893398137,0.3078864012225389,-0.205451166567064,-0.555313017257405,0.5002393603164302,0.0250034111325739,0
2.4864602496558907,-1.6870695761646968,0.6205424400105476,-0.6184738253596838,-0.2585872115570261,1.0394208581380648,-0.993596639768578,0.0031755988145994,0
4.311115948568493,-2.8486558698957336,0.7933141842584762,0.2655886533951253,0.6164146100962683,0.4812220093485399,0.2147980529884807,-0.4902619457943715,0
8.94594021763933,-3.931414647091125,-1.8289577386740417,3.897053170495071,-1.723613450059941,-0.7939346615586443,-1.641321951593825,0.9694132594231356,0
-1.8999655508967093,0.5743612378323346,0.8514642638456434,1.268687767904649,0.0271190353776686,0.0695736060908348,-0.0534586725609004,0.2599491853441196,0
2.112268504822824,-0.8197484749610578,0.0498649265204293,0.8502361522465794,0.2815320232683572,-1.0669155059080515,-0.8166452850715353,0.1062132348384317,0
5.800559914203206,3.3770445011413317,-1.89726332628038,-0.9735935156701532,1.9205806962214051,1.2243924666058856,-1.2627072535180075,-1.474322062346798,0
-0.0867924748270046,1.9753234613158068,-0.419567221177326,0.2181209699461803,0.9076508586988614,0.739778132121986,0.7207434971135428,-0.6839125326449434,0
5.802654881671716,-2.0729241874379154,-1.0697553441742549,1.888021366442209,-0.9183861205579,-0.2221892624845158,-0.9107680332127832,-0.6803183094103062,0
4.964947262565155,-2.3604037694162248,0.5038235686907064,2.2647204358236617,0.365128910482338,0.7201089566738237,-0.2123434687663337,0.2954700210401671,0
-0.6294298501238719,-0.1361963484343317,0.8556695188152333,0.054836280448442,-0.6342909850932456,0.1021548600097317,0.5512801439766679,0.5780678629173863,0
3.7611909500207066,-1.7805647933414863,1.3454133273273352,-0.1183317715380496,-0.3274616151516005,0.150024842705155,-0.1881598136868857,0.1116961213147482,0
1.2991007398866334,1.5256990321801087,1.540223161276379,0.187848422883277,-1.08514450946507,-0.3452881755435728,0.7614575792533924,0.4868272416413649,0
-0.8160923160064139,-0.7047494734605645,0.0655827957447889,-1.0561832218290113,0.1416084416640428,-0.4454527218769845,0.7446967903892263,-0.1605961144405591,0
-0.4822982426808407,-1.5565451119857074,0.2693151426116602,-0.4760815820032114,0.3513373878013914,-0.4098720055077205,-0.2332996643469474,-0.657070639997256,0
-1.8871927705490137,-0.9118459432924134,-0.8589286462264644,-1.7517658162041876,-0.253675885093912,0.0537305139318255,0.048320222913033,-0.0279666942397434,0
5.268719874568393,-1.2544362250347152,-0.8032941534782682,-0.5560970938234239,2.2580154439783913,-1.372237026975038,0.1439465733128599,-0.7788903635830615,0
0.2733764745320636,1.284268788041353,2.188592013507351,0.3040465027903462,-0.2364609035674019,-0.1793605507206515,0.1949496400171046,0.066987312913615,0
2.6554158453840904,-0.923861467849524,2.0324796874003397,-0.278221014985226,-0.3886845868107291,0.2543592745814544,0.182507519427487,0.9542451825626432,0
5.4628949124654245,-0.8615192215904006,1.2007007243117782,-2.5658457682376334,2.6383405349915297,0.2672204500793024,-1.0813080362106458,-0.2079164097817696,0
3.9463267837395777,-2.46626596080731,0.3357213172744137,1.6327908975833905,0.7358905641079211,-0.4886399254693159,-0.5392366365635674,-0.5005312466945208,0
0.8967765874205055,2.3698413036747605,0.485555432191212,-0.8196421414326469,-0.5781883880614795,-0.0031929917413056,0.2526542360584628,0.4335749591419688,0
3.558569247195705,-1.2534168611752148,1.1450614013222948,1.7191868924833986,-0.1342879152632565,0.0444795873392305,0.3347607828269851,0.0095811459867291,0
0.2978431257026681,0.8310077039563636,0.1949183560851741,-0.8761754505277912,-0.1738953164933015,-1.0060012124643551,-0.3778269042620146,-0.1086325641327208,0
4.025165116705835,0.4932774566208558,1.5063379634124836,0.5875678029654587,0.3892269763893266,0.1725863913077041,-0.1143470499740541,0.4398386204121328,0
4.2766661084588655,-3.3916772294849107,0.0334561808471845,1.164945198023584,0.9826223491857714,-0.5697923300866696,-0.4689667796170135,1.2347470829066884,0
3.493491341391747,-0.4130994668830631,1.5497471222890475,-0.1978617141667979,0.2855407917198426,0.6585588817203786,0.8794400952877408,0.1324774097196557,0
3.5694203676861984,-0.1666396282916204,1.305654120966738,2.5786552513187213,-0.2618530785743866,-0.5498082887960708,-0.4712259825735976,0.1042927794331796,0
2.9568841226615197,-2.1248153367153897,0.5258073338481716,1.351567332779428,0.4394998498177793,-1.455119238723368,-0.5059409066185272,0.0979000627987595,0
2.349162093388917,-1.0151621022866462,1.2771129984806353,1.131276187525947,1.2463779248879865,-0.6606152386688243,1.1441846364831598,0.5106077916060222,0
1.83224362469713,-0.8600344396058335,-0.1278648740193126,1.261304374041406,0.1193492221225415,-0.2063370204509352,0.5546409110178708,0.2800844636114897,0
-3.5729193291608192,1.1111602344068985,-0.3066761655956439,-0.3312300122689011,-0.4159449425086442,0.1090060032928631,0.3786472929860891,-0.5839375472115188,0
-2.2119942684106784,3.7468544888679687,0.9853437608982308,-1.2513465211031234,-0.2237623812629793,1.829568218735584,-0.9986803992702532,0.7322384178151005,0
1.351050644410982,-1.163624472277382,-0.0866075956037066,0.9900802016072248,-1.4137989775841528,-0.0425293455333041,0.2621195877805086,-0.0562538048775112,0
-2.048184168176748,0.1408379852142153,0.3248678129812717,1.0489949831497307,0.8864162361313666,-0.008830152969021,0.2088492950972193,-0.1087648328650308,0
1.228971726690877,-2.39485284819453,0.6765581013299579,-0.3678606593750228,-1.546360509595054,1.3041402532488733,0.8141335084045518,0.1587738151409292,0
7.23851818773533,1.7529104493140537,-1.332247795575436,1.365075773469124,2.4794332307775484,-0.348438273750867,-1.0807700904419022,-0.0200809380872234,0
1.4308290172335794,-1.7456561063980949,0.6516412014278127,0.5726477272184158,0.2283829743400938,0.0039680785878644,-0.1596714393568024,0.1599829817493316,0
0.3253723805596796,-1.6883132143284212,0.7651011541787364,1.4859302418097975,-0.1145763146359285,-0.1512727854585301,0.3514534691398583,0.1460648410293054,0
4.177939691597214,-0.2538536728048781,0.6839438066076176,-0.0852826063558963,-0.3693682775943604,-1.2019784506457236,0.7745936439539115,0.2148911446022717,0
-2.5240310895566145,-1.3026942191444328,-0.6102017488375371,0.0544492464834885,0.6215997811388007,0.1881623587299347,0.0805817096986793,0.3622768217139164,0
2.6454243867093292,-2.8690021608230576,0.5120539906849375,0.1708378076798545,-0.1894751583242576,0.0404424333692855,0.397036279691975,0.3830259141766521,0
-0.9389244445257544,-1.30704758949879,0.1171101189167252,-0.4668411531215344,-0.9237968143379742,-0.5918494235634462,0.3151944683919785,0.3809292138480491,0
-1.471550157805826,0.3832448333466036,0.1433630152130436,0.5523100889054461,0.6328472388922906,0.4691615131944227,0.5380007247115689,-0.4482130959559307,0
-3.0987884972325954,0.7808923061980015,0.2015045570109584,0.327346023002599,-0.0821915504296155,0.6119989962261794,-0.1294090552968483,0.2813891143918802,0
-3.025806644308473,0.4754583867332302,-0.4756216547410259,0.6326907760828284,-0.6201747004787782,-0.9673623236778236,-0.2408117132620488,-0.0590477343744263,0
-2.6609301914208654,-0.2443761500096728,-0.0666658502458528,0.0542574202406579,0.8961461027438745,0.0876924328266145,0.1461711741850729,0.0730399241665597,0
1.5000443128513374,0.5946579169837408,1.5456791030102814,-1.298491140159177,0.4791195975556224,-0.1258240901285611,-0.6945654628640419,0.0442445633667005,0
-1.2509054307049188,0.118031013458598,0.7537276696527191,0.7184600948996179,-0.5898034222754841,0.2070313068976985,0.4956392977916558,0.0627234398078622,0
-1.9977301657670483,-0.7547648896692735,0.4478280194997552,-0.4362556864931769,1.1057673804445582,0.485761106926299,0.3876078669967916,0.2302964043056023,0
2.001197034370648,0.028493397233458,1.6151312913319886,-0.6434875504881125,-0.0093149901066205,-0.4867367120850575,0.3720180580717442,0.2724463105294275,0
2.165242923896831,-1.257866380291064,0.5386212212478476,0.4790823168203052,0.3336939872116342,0.1859171782405237,-0.4697353520609312,-0.2056946781503129,0
-3.530501529748022,0.5568303858835101,0.5409013575451087,0.0020060268390525,0.9369788750096982,0.1901468912379721,-0.475259439935632,0.1317463349565109,0
-1.848286545768672,-2.756483104807534,-0.3465622061100527,-0.8583318609989374,-0.666045320879897,-0.3296466021506154,0.5660820866377937,1.1034825986077117,0
-0.7980608861561831,-2.299716712475428,0.7747357691142742,-2.2874678791160936,2.767169274427134,0.9413739931995688,-0.6468541524578593,0.1358363542150754,0
-0.3893919438806379,-1.756331655158605,-0.0068820476210569,-1.1156664521736956,-0.6849235414957443,2.014422930773726,0.0796656089030878,0.2060996056982995,0
5.111214171108914,0.2239955639613249,-1.0871997659553192,0.6929471183322446,-1.0964687225664198,0.1464612942146601,-0.9250825118802654,0.2397756803950201,0
-0.5809808983774698,-0.178098122465792,-1.998446698212646,-0.8089212649468386,2.743684736472777,-0.2246448389888082,-0.7385718032247517,0.2160972559403828,0
2.1508204507008517,-1.746879080042786,0.7453312640932911,0.4843198899429029,-0.9264555895638786,1.167422311192654,0.2963910516734188,0.4061955764320519,0
1.676974180732953,-1.184972959674056,1.2243559163356894,0.0866169342924428,-0.4802290337851022,1.0634717955515154,0.3038872242088232,-0.5126059365055831,0
-1.196078102094125,-1.6068403147630486,-0.0827652597813529,-0.0197628996044023,-0.6957783744847358,1.3134304842037006,-0.0136990508069707,0.3055334850358377,0
-2.794583310204927,0.333933696211938,-0.206250801193704,0.1714608995416386,-0.4098134606482103,0.1996737649276646,0.565037814971793,0.3926740168084741,0
8.353322605728453,0.9493426834929668,-6.814559101832465,-0.0945515938598381,0.8660534794935869,-0.1568792811740202,4.563881993322922,2.8246167333972383,0
-2.676008047533167,-0.1098618017302684,0.246215845060986,-0.8250988601605661,-0.5974035357412778,0.0248403711808788,0.6349557501558013,-0.0941589245663007,0
-0.3620140256400088,2.1959268318446963,1.3098706592633511,-0.0993234477893581,-0.2707404097527441,-0.3074225794222637,-0.0894697856506514,0.1218114597780533,0
1.4238757243583489,0.2754690022206443,-3.5228617992615567,-1.1032752534830017,-0.1646215559487315,0.4971589337906261,-2.504219476401544,-0.1238517823061357,0
4.80089894268832,-0.8230572028035571,0.1839077978941885,2.0992000398754183,-1.0165468672789095,-0.2970953750347277,-1.4523176609491308,0.1700308262565099,0
0.0268529956876879,-1.0155882475938514,-0.116504834518547,0.1173034891531068,-1.2119387735944565,-0.7961755879836078,-0.6620500984289135,-0.1809585474183407,0
-1.9343112214627576,-0.2518292066947401,-0.3232920817755814,-0.1232983558876207,0.0523458973557385,-0.3370000510676149,-0.1168662416118673,-0.085550343637811,0
0.104990406072887,1.330193726035403,0.6761450138744606,-0.9451637183267376,-0.1409973038397894,0.3447445870151121,0.558143530189211,0.4550703024827863,0
-0.177887979757639,-1.7679910484273338,0.6273098779747235,-3.1744523320604388,0.5574992125581757,0.1376709068319314,-0.4933890853875639,-0.7252667336219051,0
4.67486003820121,0.0837885460001836,0.0915444768243569,-0.8546639030282451,0.6089066185859067,-0.8532507540458522,-1.7262135423983824,0.0931172105430487,0
9.862422415400165,-0.1784129700934308,0.8391983793584367,-0.8160149127598446,2.8588659989121323,0.2465345675326897,0.5121535707890778,-0.7063828209826972,0
-1.2555462763492398,-0.5711797303922321,0.0799934495625519,-0.1227520503780813,-0.2342076829326017,-0.0282930827038725,-0.0466781163482481,-0.1987705172212156,0
-0.5884542779739015,-1.3362064044684103,0.3985557231184968,-0.3331626549216345,-0.6692097674853166,1.1729080536016057,0.106214773654548,0.2982738548390921,0
2.31541667920618,-1.62170600395676,-0.4555751524545085,0.0321460379589983,-0.2178005015602219,-0.7901145244765708,-0.0059570515174145,-0.2391221045554157,0
6.04105854045531,2.573870385518571,1.212556760390897,0.5564759961928062,-1.8412526906768256,-0.6455756860692646,-0.8317790858292361,-0.9512729112090988,0
2.428438288640041,1.4470719273440669,0.4895328827770941,-0.1527064425637767,-1.6869862123406094,1.2943273134164817,-0.9538270326654184,-1.6000206079098471,0
-0.9347494729575496,-1.5752991938966998,0.1152244967387528,-0.4361835479140448,1.0142853972571833,-0.2458926183322203,0.3043969165906539,0.1251688651899257,0
1.192645621027661,0.0997565633857054,1.462722025888855,-0.7050210254050959,1.234627250629191,-0.3809487434244353,0.3351240244176423,0.4403779814533442,0
0.6492565509119832,0.7968716936237452,-0.2534404341618514,-0.4082238213050025,0.98871374337925,0.667149735600462,0.937628867137065,-0.2423785562339822,0
1.8227963030619825,0.5229820865163727,1.3270418544624238,1.5208140790692444,1.186294548883672,-0.4743124039240133,0.6686990252175181,0.352228844909379,0
-0.2632759541425658,-0.3297187988665505,-0.3885513929610179,0.6723620932264468,0.4952763066938883,0.5782757487211367,-0.1400803134233569,-0.0329677714656119,0
1.5066445381728162,-0.2607611586026402,-0.5114717914719402,-1.466541739235973,0.6747835260683511,-0.1620133884355291,-0.4882022243443656,-0.5038962226041648,0
-1.821888450921355,0.8145778056742233,0.549593292459374,0.6877426867213787,0.1250650862804087,0.7511414907794131,-0.4145750929377475,-0.4472691654177912,0
-0.1403957676385477,1.3566705499435725,-0.2336767240030774,0.1274421869172943,-0.1416588189221517,0.5618819458354036,0.8909008594822998,-0.6473189380270652,0
-3.3234900420721116,1.5192048362145223,-0.4941640261072507,-0.1900396350545009,-0.3690536006896662,-1.0516776296010286,-0.1361330560239806,0.1435439841211374,0
-1.609946453482722,-0.1915678261842314,0.3955231307361168,-0.5233154192107639,-0.4626626342358626,0.1919500587344516,0.3539159732224251,-0.3046303432051753,0
2.448137660678749,0.3131214799760101,-0.1457396723869004,-0.1997823907386191,-0.7327156814382366,-0.0497287678919775,0.469076047782742,-0.371988846074629,0
2.0458968379396247,1.2818132064966692,1.1728877238980662,0.6485379203805276,1.5931684248791065,-0.4224427866035588,-0.1997722107659973,0.1360430414849628,0
-1.9178323799693415,0.1428679998013445,-0.0981846687165312,-1.3763282664471816,0.0946525539801381,0.8123173363095875,-0.2426863246218982,-0.6080792695538203,0
-2.8659208334574995,-0.4941742849245592,-0.1629321426516531,-0.03627078544505,-1.8179569521658536,0.9412610396599276,-0.777518749630864,0.507084181101121,0
-1.7404043236474585,-1.216563741793797,-0.3357065866967294,-0.3291276679571902,-0.6166033555482683,-0.954773914324703,0.0211193515260864,0.505659761789669,0
0.6287195714522095,-0.2998598430556573,-0.2788679269146825,0.1490540132162825,-0.3911190725895122,0.1475336189989169,0.0359995425398488,-0.3555176133929841,0
-0.8163163287246175,0.7617502763480807,0.6126714272207661,0.7845213244303139,-0.4166021324136216,0.8341469525806615,0.394914216502949,0.245030605359935,0
-2.0283503202907704,-3.4314987242920294,0.2124402274336618,-1.3395824676920267,-0.4745335951254188,0.5562271188055339,-0.6805688927793409,0.6593915506587229,0
-2.998810802388586,0.1076981823878023,0.1388057101915518,0.585809808647893,0.6396483788133951,0.243502341034181,0.3663937807098152,0.0271989732451086,0
-0.3633184974246839,-1.3146667075593728,-0.4818570544595878,-0.2261374656489731,-0.4267333884290794,0.8762493019890201,0.367230819587438,-0.0626016920898899,0
-1.159889291498034,-0.7472627562936581,-0.2234797118419402,-0.7648101064291543,1.275145439808757,1.0435995038282129,-0.338196912865955,-0.0892756346637872,0
4.286613428353396,-2.8253819618879437,-0.1445719579953089,-0.8853949983494793,-2.277220990740321,-0.2046218708856332,0.1030003003589638,0.6020822767465679,0
0.4791230368003524,-1.4617960342492606,-0.0418817041013467,-0.7660684879821112,-1.1712148159641933,0.7356254934406259,0.4020567797856994,0.0448450277942025,0
-2.3645908409279617,-0.4586219127167448,0.05334318445769,0.8005885530692317,0.2012422649269565,-0.461989119079048,0.3274881414045422,-0.1376135353953941,0
9.82181270423774,1.2229498835244517,0.5699098587846579,-1.4197511519447843,0.6271845189185832,-0.7449924984479477,-0.045586179855365,-0.001429667204545,0
-1.0920348160930886,-1.0771484602060788,0.1513105199198076,1.0739060078221494,-1.319140767738184,0.3869400466751724,0.7054022738143387,0.946037787857364,0
-1.07898335486599,-0.7478053465159584,-0.6514381255049618,-0.7346899728209854,-1.0583366988377472,0.5585244802209762,-0.3587582396555205,0.5020964622476297,0
0.545060004390091,1.028207046299655,-1.498047830319754,-0.5745898130913917,-0.6769419877310847,0.9835864832477336,0.0425869498434785,-0.7426441161706232,0
4.149186887172727,2.9748379204349984,-4.135496555482172,1.180048653941155,-0.1296041821627948,-1.122611377062943,0.0816857603436585,-0.1836714829087682,0
0.2356951812594925,-0.324103789279944,-1.166807995795667,-0.9021716294562344,-0.3856201564905172,1.3894793217309471,-0.5490736486323872,-0.5271406365304306,0
-0.2281288084538686,-2.502282326983883,-0.7189278046102654,-0.6385720669655659,-1.549041658827348,0.5098940864532377,0.355811889140721,0.5795632583826661,0
-1.0842670314518836,-0.644751239801486,0.0618778671679221,0.3257689847638574,-0.9321847884008826,0.9045174891202048,-0.3012288778323762,0.1393627105099031,0
-0.0862119282192298,1.8481284174904111,-3.946343934231725,-1.1110741062216587,-1.6360216440492217,0.5083820657208928,-0.2214676213125039,-0.3044126625288614,0
3.178378978956934,-2.293282340022772,0.9098611883964056,-0.5911877131907934,-0.5174916478772565,-0.3309421695067234,0.2245305878517136,0.0944883865914975,0
4.817359752572732,-1.2922208755647098,0.4039325895818683,0.6609907142429566,-1.1413436645792183,0.3101675760648726,0.2020734983355369,0.6625061921261352,0
-0.5893849544563984,0.1706648860271582,1.7506716305292702,0.218002161781636,3.504836071449225,-0.674816195951732,1.0558561166887763,0.4265321028980724,0
-1.5399896892673022,-1.938569518535976,-0.3254490529965799,-0.5420475961446938,-0.5991845754467088,-1.235173591141216,0.2825665988169532,0.3992541066625015,0
1.286509558963958,0.5089967679887972,1.1165924474355926,-1.29215509649894,-0.1725349988568327,-0.3444065557848015,0.2611983290007531,0.2540575083444884,0
8.890441650601709,2.4235970597377965,1.009549033875221,-3.2735406594670375,0.4912501247004963,0.4749017847755776,-0.6595080811525066,0.2785474201977358,0
-0.4280631985338708,-0.8292818900322045,0.0133036041816333,-1.708328477178371,-0.1773900067707686,-1.1453602889345826,0.4027708426030504,-0.3410628222105334,0
-1.6714179377142486,1.433727820486989,-1.8134991366047823,0.9434024324217865,-0.5772152713179789,-1.2570482759342925,0.1351862028654384,-0.0683204186420368,0
-2.898692437960381,0.0244767769505383,0.2292106428523753,0.0719920481418418,-0.2331457393425357,-0.4099151224197036,-0.1329718024503182,-0.1898001004175784,0
-0.4712651746899064,-0.8649693987873133,1.0090680595581374,1.5121304597537693,0.1626984346816689,0.5028604131923052,0.8711939399713307,0.1925193018212539,0
-0.2121250162508359,2.1223149789537925,0.4290434779812221,-0.1743982609756157,1.31294467459654,-0.7642381204075153,0.030724092665439,0.0752124714416985,0
1.5927850460496045,0.2502841331909065,-0.4440660931093121,-1.897132442364728,-0.2885718652665806,0.3355793744359532,-0.4310481346972609,-1.571576875113087,0
2.9709947676982713,0.8844533235778321,1.2795772545523647,0.9219110451809414,0.8722343483682431,-0.1706834260593492,0.5031974437709437,-0.531392701562147,0
-0.6634536975311819,-2.1724238623211725,-0.0620729539919881,-0.7311773982853804,0.2290900220101017,-0.5442888704111294,-0.4306995560160313,-0.1870806407199634,0
0.8387325953725856,-0.3579933672410564,1.118062000859738,-0.6303401187505505,-0.5114931315974066,0.1438099104932537,0.5880306447466862,0.0182241316438832,0
0.7947840114523098,-0.5065829860582636,1.317694636541863,0.0912918468322318,1.069242065687731,0.1872230017641683,0.2053637325905107,-0.3754262943462629,0
-1.1573956445910292,0.1364208299048868,0.194167193404704,-0.9762487320290016,0.198918695040375,-0.940326367380056,0.1568192991007426,-0.6300384144542648,0
0.2670118076519042,0.6618984599203839,1.6053914712740436,0.420692128493798,-0.2860474363461007,-0.2577549843324787,0.694915785250884,0.5336655868588029,0
-1.5535707172712594,-0.2852848858377941,0.2714149565684455,0.7631766269299475,-0.5036283080025183,0.634990579228048,0.7018177167008812,0.3509592229284712,0
-2.2797685679044077,0.6875032474688384,-0.4687615909042735,-1.2106365916481263,-1.8774603126303009,0.4043811800720684,-0.0419964943605767,0.2161014738016193,0
-2.1892545614343852,-0.5284409107568329,-0.3007099934368303,-0.5674589642309709,0.1036853294522037,-0.2888712265436607,0.1684100716887874,-0.3809934619015439,0
2.7298508014962617,1.695858310916646,0.3304681391278575,-2.824117542074273,0.5984429791008833,0.7289840732646583,0.1310134339073045,1.1843368696313818,0
-0.6676713170697514,-0.1534939097304561,-0.9794463531262544,-2.4544395247488886,-0.9492959917082868,0.4938982298313648,-0.3118378146071439,-1.1242739274522175,0
-3.235159063097929,-2.0367559361905543,0.082195374274604,-0.7149751047962588,0.850470182333958,-0.6659404287615088,-0.3886913330211283,0.6133446970606332,0
0.1787957018342408,0.5999008431073117,0.729937529791071,-0.6463475258126627,0.0742639183089936,-0.2765370513437707,-0.2987117609308659,0.455820596651492,0
-1.463773750408622,-1.031253519326616,0.0759638712490615,-0.7980027059700461,-0.9163435288969356,0.4962943376125548,-0.2796992086981088,-0.2451182788721334,0
-1.0894512832517478,-1.1138122876029513,0.1157257624950774,0.3636895012284959,0.6969657876425727,-0.8963897703656479,0.1425053377121689,0.0409720604564163,0
-3.370249774452863,0.4272669081555931,-0.9112612496636712,0.1336865010827728,-0.3385258927096822,-0.7738034288924308,-0.2039331535591611,0.3527262036039334,0
0.5063351740160885,-1.4683518377568991,-0.8854339920674095,-1.345844167645709,-0.3427170425314448,0.3362268777154464,-1.4541147131485104,-0.2586219278690159,0
3.9479498412466167,-2.895085180294894,-0.1816158602033789,-0.3308161126142898,3.747499274877755,-0.4067753333336897,0.586606018639309,-0.1662864967831343,0
0.2539576291305344,1.3266297098813686,-1.5405894018639148,0.5154721690061262,0.6621242670655839,-0.5132556474907098,-0.7226358602999411,-0.1576310201617412,0
-0.2482238790798606,-0.0607766840495456,-0.415620732624454,-0.612394377042705,-0.4513889774956574,-0.7036732313048276,0.4512731672374075,-0.6021987990977419,0
-2.8252067532230636,0.876885767488538,-0.341976168348903,0.7095567955615477,-0.0989048086214119,-0.7837375509447947,-0.2591457120557563,-0.1374450852270066,0
-0.6632127858787832,-0.9458217453215352,1.086558161280644,-1.615749815145529,2.05963128570393,1.627236654773454,0.3331319216098622,-0.5331652534792546,0
3.170605422662488,-2.543269531629184,-2.3980036542661423,1.5563741177742374,0.0183627204746946,0.5467745464675858,-0.6094271698162375,1.262865176254048,0
9.891581711071904,3.877299335281089,-9.089778664979647,-3.2486471758663797,1.6256902358694356,1.3057906482950516,4.353241212965533,3.2491658564841903,-1
-2.4861511500056444,-1.1282658123487042,-0.0042329714456021,-1.2780486876127588,0.2948714296080674,-0.277316908328502,0.3961953436777351,0.0690416563506517,0
-0.0727783200898614,-1.3886550569572496,0.0779855705887154,-0.0412882477634783,0.5864932814959419,-0.8147281382343512,0.7464968011408131,0.5482242531634518,0
-1.4995516337346275,-0.7368301863538456,-0.1314256687057827,0.2331318037177127,1.0304348435144528,-0.1405204886591114,0.1201770922288995,0.0748263521163328,0
2.6937877985105865,1.546088761282942,0.2794821614626605,-1.1605944680882208,-0.4729631557435051,0.4507066075680758,-0.4835907394594331,-0.4076136927096586,0
-1.7455504825945751,2.1183708252471334,-0.1268472489691807,0.2398483573302531,1.3370359582685896,-0.5376908281080787,-0.2244787899554522,-0.3640531970574024,0
-2.7748807316055024,-0.8579969831752823,-0.2259427293490525,-0.6474820833606717,-0.5327134007412128,-0.8180621540648274,-0.04293569139642,0.104680570005602,0
-3.822348515381754,-0.4800828096273126,-0.266483376104507,0.0327447082347819,-0.0230251403628441,-1.1302056203425108,-0.3400345563900054,0.8085982177632443,0
0.1700170957388103,-0.5631675034961542,0.0855174282623755,-0.7732977809115268,0.5226584897171301,0.9614423518930756,0.0380090677748516,0.2564463344015137,0
0.5996175108799895,3.3138456100123213,-0.0162020562682871,-1.9059288171441089,0.3536253491724533,-0.5860833017359954,-0.1964298492607151,-0.1188923533817412,0
3.4837763707677993,0.1731497908576662,1.6088255377144252,-0.3251579422954328,0.1506136596143909,-1.2791318550774915,0.5167271810862867,0.3003205180722582,0
-0.5274117562169263,-0.12576410315619,-0.4828925978243928,0.3112105596017346,-1.448065046050305,1.0142612703996283,-0.3072733228212747,-0.1197483181793473,0
1.5761229167383686,1.587776168487949,1.4274412688749702,1.013033866228375,0.7540266954765966,-1.1218374767774948,0.0342127642440582,-0.109379839770643,0
-3.18357614975327,0.6993389704965459,0.4603292819470599,0.4973733940051847,0.1873806996452114,-0.2781380049525182,0.3441207214484825,-0.4679702543915977,0
-2.9977953686591454,-1.0744940843887991,-0.5209647775974935,-1.12454460732746,-1.7278745304569632,-1.133925671069452,0.0387599910071457,0.344992991861348,0
-0.2842903807051444,1.2894593228260622,0.3271495826129091,-0.4821092220346668,0.7322580677892792,-0.2262639151596464,-0.1127392143587224,-0.1728521796160086,0
2.5636538420889,2.3566400352372847,0.8394859208297284,0.1418925511106378,-1.749608020093124,0.3881983755216902,-0.8857045668708865,0.8285751423100449,0
-2.0968662373858415,0.0844658937424527,0.5160989064835071,-0.7723622250927248,-0.0673640808349846,-0.1023486476888641,-0.0695140962991421,-0.7994290464356988,0
-1.582934802574516,-1.0228763166416786,-0.0281373578187842,-1.7620401898744154,0.3157204464253135,-0.3026729524901466,0.5453073295433472,-0.3507769901622354,0
-1.3723811561239414,0.0990925444149982,0.596194572650207,0.0948958813297611,-0.3239643833107865,0.0648635038422845,0.5438044083053445,0.7304240912149529,0
2.7045080686841123,-1.4068613569996988,0.2786430481905154,-1.4337151635841052,-0.8459514633753231,-1.3902892350991618,0.485648145278071,-0.0158832443812068,0
-2.488204308593398,0.1598387927310898,-1.0573693814369791,-1.4086589129804563,-0.9977282460367706,0.2860151113921858,-0.0908726972275533,-0.6295761180433174,0
-3.5769796631620334,-0.6552430949017439,0.3300835463311291,-0.5931770193811952,1.17089442320899,-0.2224342895336238,-0.5349714985130175,0.2928024084055699,0
-3.6343611790054338,-1.35597155577963,-0.1879492641887587,-0.3591207065814834,0.1843151801865336,-0.2067732623544059,-0.623474896645845,0.5503545683224237,0
2.794264859269504,0.9309752563819114,-4.393053757588473,-0.268083679761434,-0.6630196940385733,0.6660260432797991,-0.5166631481079076,0.6159047973826041,0
2.7168585166647925,0.3216522612303112,-0.5820047125397798,0.7377543354565136,-0.5655574122515261,-0.6721042681699708,0.4759430537093974,-0.6129456072286669,0
-4.95499300801718,1.46231434666919,0.1154460667682446,1.6375298763446238,0.5657013167158134,-0.1835266702575897,-0.0219682196479649,0.034336959537816,0
-3.6978933803803553,0.3166813218331126,-0.2916093786216479,-0.8755506698616795,-0.9969811242299838,-0.7037747208579151,-0.28963053039106,0.1243527169860514,0
3.456449030313967,2.102785914373228,2.955473449973815,-0.0907222951562348,-0.9885620859927328,-1.325703474379461,0.2232353402686265,-0.6425982143599256,0
6.770025485520862,-0.6599711790193227,1.4730606121625882,1.6910091111928705,0.6179492443346559,-0.3197337080337925,-1.2476509691554378,-1.1343568732496483,0
0.0149512492697338,-0.4641641592631117,0.6826974806902284,0.8323191818691512,-0.2174213728380858,-0.3957032512192446,0.1383561531885399,0.114272844032583,0
-1.642979030251334,1.5951198744018136,-2.2871497990506584,-0.6600416139747664,-1.6737061348441598,-0.3721282786281571,0.0222133365294394,0.0478157909163147,0
-0.283390867317265,-0.7128441345435729,0.6080490677953563,1.6974510579420323,-0.1093348916423911,-0.3185294849205533,-0.0146536210838164,-0.0730525510326505,0
-2.6696663410332206,-1.5304060532984387,0.5142979274513271,-0.6647259416773859,-0.1550414092168943,0.0807632688681122,-0.3542009110325665,1.08354045481422,0
-1.0999728177161845,0.3406509361310301,1.1649494349203855,0.8428690404815061,0.1854557328591992,-1.3255562104845438,0.7793735728792126,-0.2841262833509663,0
-2.167196651633621,-0.2003399104738888,-0.1363584566667862,-0.5709408197044976,-0.7233764607183538,0.1497556654126787,0.6468302153116217,0.0211222722146645,0
-2.2775792052673633,-1.098514697402221,0.457022624757768,-0.484396460913387,0.2527826612478361,0.1949227043033418,0.7348440822980957,0.055813331948499,0
-2.5139787364762576,0.3879565760682443,-0.5655183637101605,0.0186810636477687,0.3154672052449386,-0.6626919718159419,-0.1073484607270681,-0.1745739674272153,0
8.822583142988325,-1.864120973347726,-3.350508711164352,2.729396362895202,1.615051385324243,-0.4474416787841161,-1.4319278511121714,-0.3541935175274974,0
-2.0192598003433835,2.084690692341048,-0.2355602413595168,-0.6637141156396719,0.4499798835642571,0.9628709071655738,-0.7144196030071506,0.1766777938968829,0
-4.91421613470746,1.0019126442003263,-0.4488908085476442,0.5694232078106074,0.8427738289144189,-0.1987049305050381,-1.073982881267779,0.4675589849437773,0
2.711583404717891,-1.504612258466813,0.0326307943443397,1.5316010329791074,-0.8909197809973739,1.4574911813834268,-0.3445412833020467,0.4683732422005876,0
2.75001252226493,0.6158595398529747,-0.8873655979128665,0.7585843179800628,-0.5411322151877122,0.2221222744341947,0.0070623722696279,-1.291274890995411,0
-2.2012210706483013,-0.0171748966083763,-0.3932784116837684,0.1779691158736402,1.1231046427976998,-0.6768196382793878,0.3718217114719753,-0.029444169711602,0
2.4729243577029747,-0.3905215774167484,0.287904462360167,-0.8393344335078746,-1.0794831089409969,1.3303280073293473,0.494319335917787,0.2795121582341988,0
-0.2555525568324193,3.3078166218029237,-0.944703667540513,0.4479713717886287,1.022004778740583,-0.2155800106293776,-0.4133583115467314,-0.1064898050192702,0
1.6595255706614878,0.6209640781070402,0.5514313361607552,1.7085536540747244,0.0088483967741486,-0.8690328414397543,-0.5960122144113991,-0.6203954278690632,0
1.6263385123390628,-2.4000516863130685,1.1068821626395973,1.485317139104325,1.0185667387195756,-0.7989785449915024,0.8133845022084479,0.3629634887920687,0
-0.950080102283268,-0.6684415909837953,0.2151971929645763,-0.3831942598404982,0.1412929184842151,0.7389544854827732,-0.1531670460923512,-0.0795070339875173,0
0.2834372492684616,0.7288366391392551,0.4160947753496912,0.5954619274785007,-0.7403837038396445,-0.848924840703933,0.2795976663331505,-0.3200453767227105,0
6.086858444259971,2.0197930572515825,0.6584038449491263,0.1265975227508873,-0.0747826022173332,0.2668927410190416,1.6552071365362264,-1.0964867567627248,0
4.665573056607149,-3.341030623469692,1.934509513958616,-0.1907144635318899,-0.44346273582426,1.412043391876057,0.464156613293526,0.4791410628808015,0
-0.0352890227643391,-0.8255915429312476,0.1743283453616521,-0.2422396123232787,0.0827240100518737,0.204878265544791,0.0205172960659607,0.241339959458979,0
-0.0799019399378987,-1.0487406152035708,0.2891137917013659,0.8588947064582859,-0.466420280598609,-1.186365796406955,0.1659594141968956,0.4067029928471879,0
-1.7960591763379958,-1.7309965591700505,0.2846896265573033,-0.9927640470893782,0.2241892659491362,0.7919682668274547,0.1334051772885739,-0.1478746157675742,0
-0.934635072412302,0.9422862244852188,1.1109495008772032,-0.2416729135822902,1.6882369741267456,-0.0785634938375659,0.186949785463146,0.0298335298099485,0
1.3713125749744328,-1.7602959543837386,0.1291126709345272,1.6907577323079732,0.6083939984281824,-0.065456626402289,-0.3939915568157685,-0.2428958384153228,0
-2.228444362845807,0.3907810986089016,-0.2393385794603516,0.1815860892970474,-1.0690031062325087,-1.8673505496331917,0.3283771277960532,0.0695666656229847,0
1.866988021705101,3.3826758061012874,0.3872941764287206,-0.6911494255419786,0.5219343584698892,-0.047551495416298,0.6141886346152505,-0.5560224754384928,0
-2.101539545916277,-0.2702453377313388,-0.3022502336883743,0.4894358298423503,-0.5934750900398126,0.0193853644546168,-0.049316331587973,0.1595005855383794,0
3.082500929453878,7.057260060410511,4.2569454163635285,-4.025426467861553,-0.873073805412179,-0.704076610736207,-2.323914255617212,3.656130595927781,0
2.572268619741392,4.92072217239539,-3.655032917894782,-1.02946210562203,-1.7276679702743054,1.9570790174354695,1.362990171652973,-0.8827977487468813,0
2.7311183928083063,-1.4720788821175663,0.3778898712589568,1.0712979017456812,1.9216421290587489,0.5633539895199996,0.2904354085352945,0.2205461409785315,0
2.2131216065406756,-1.5829057568790037,-0.4749740806803556,0.2316532770385517,0.4793567394134178,-0.616168949191031,-0.0875695057374222,-0.3459828476559178,0
0.9525623965641468,-0.4237025391773006,-1.3444999518568506,-0.1946461132854607,0.7657321708714067,0.2945244184051852,0.3902181937206242,-0.1196174764435247,0
-1.3938126827226802,0.5240818466737928,-1.6914832046437105,-0.0160666395582766,1.5711423284265198,0.0040182338002992,-0.0502109833045868,0.5675668043722145,0
1.949054644722355,1.547256952401883,1.2818727802478835,-0.4162592505992992,0.8033164520296269,-0.0040048082886744,-0.5070355884836845,0.3017803087852584,0
0.8064821789412269,2.2757993948258433,1.823392587230426,2.448273898965798,-0.9636255115949874,0.9590677273887186,-0.0188061228464918,0.2663230927341868,0
-1.8004722153758557,-0.5577123770601419,-0.3343346721395685,-0.1622819882038515,-1.535012262408157,-1.2544529606953043,-0.3187425422003666,-0.0310897851406181,0
-0.0838013466414381,-1.2324089252885198,0.0308394250926362,-0.8139543103287095,0.161417045572878,-0.7438070749086867,-0.015473929620566,-0.3578757279673317,0
-1.437649933086146,-1.8275860746919563,0.1534614956935487,-0.6354854899691891,0.1378656611772878,0.6576847210677059,-0.2763010644436213,0.0439537253218261,0
1.7780579188961618,-1.712494189444925,0.9260380696069724,1.0310292482664207,0.2587128044177227,-0.5207005686210511,0.0370799881192155,0.2419557496977953,0
-2.3332136391297182,0.2178421937947861,-0.1675853247109355,0.0953546232284473,-0.5516905040880647,-0.4348089341399254,0.3733161679858749,0.4099064036874273,0
-0.9809519055419932,-0.1210646981502648,0.5038929304396658,-1.8162774910281223,1.1100894318748096,-0.426568278606582,0.3640756027722936,0.0071455921679227,0
-2.390666718113132,-1.6419445409052176,0.1696425044025861,-0.8429378609775809,-0.3540750542784932,0.2222863118114405,-0.3526330562614787,-0.0902071911537702,0
-0.0946821173272066,0.0842979828662682,-0.8358882301253214,0.431545289935726,0.6554771445130876,-1.29390000876428,-0.2008996372971419,-0.5099465128066005,0
-0.7104132774218347,0.1451154028676272,-0.5040483805738724,2.2595187397214347,-0.4384400097870952,-0.0017854302264428,-0.0307634339040906,0.4118329708140681,0
4.033986399920214,-1.9834244999913413,-0.2763091262813492,1.0102049937744162,-0.686809295442838,0.3894475867476493,-0.0228687299373647,0.0320020366564661,0
2.5803711994906906,-1.1151266371593571,1.1134866263376593,-0.4082749583654865,-0.5357702602513456,-0.2141878700051975,0.8378464741631486,-0.7263538944279523,0
-3.0099504403470623,0.4990420028812952,-0.1597051392763688,2.2222506174630117,1.6486072975476802,0.9996136663194788,-0.0517469266634581,-0.0806180628734472,0
-3.117175129769913,0.4974376970071438,0.9004486172533642,2.518593573098448,1.4207348640985396,2.5445635840266205,-0.0338813282692531,0.0067104038035926,0
0.437383870511029,2.2090202444185363,1.263080310571066,1.6611374806649668,-1.1033481830948542,0.1534660825839955,0.3698715297228594,-0.1405250449027284,0
-2.6216168523187577,-1.0888833078682465,-0.4346842010926237,-0.2217719373230134,-0.5676707765286828,0.1064192817606431,0.3546648546135975,0.7102932314928886,0
-2.3226965631508985,0.3549394541738441,0.2728473992715282,0.2955543170330263,-0.866315476944337,0.540568934104048,-0.1317990831433334,-0.3965063771125646,0
3.4841613640333873,2.319418112798576,2.207165765769296,0.7008104528756275,-0.1027522918009327,0.0425438059970273,0.0083070752363614,0.422009920293437,0
-0.1599189161084536,2.812325997040103,0.3648329782594978,0.2241525841554175,-0.7546544984648101,-0.392281064197707,0.1545883249779705,0.0634526067729365,0
-0.9955530977317608,2.1267596477744357,-0.418445229718756,1.9293034949056849,-1.2148400084770192,0.7902964097920099,-0.0882457186477405,-0.2574668800101934,0
1.596905196372855,1.6102052657267758,1.761909817751478,2.6693031186664573,-0.2312143637413363,2.8817948785161063,0.0551283817433978,-0.6302060869474261,0
-1.948110522436368,0.1262521506778766,0.1251211009416287,-0.894314897922694,-0.1172584424988746,-0.2943268442625041,0.4012351146451231,-0.1643889461721873,0
-3.76011267208856,-0.2497306157276808,-0.0955516211362637,0.2893888694846296,0.543075513065047,-0.9991353948676452,0.2549859067754594,0.0963363236386393,0
3.4678466948588813,-1.0957691840552173,-2.562556239619921,1.354829574218538,0.1272699135326237,-0.6910135248372631,-0.1200697138923665,0.7637896639435588,0
-1.8345787302389824,1.6358819370850202,-0.2462973643185374,0.6988679138429471,1.122430628762811,0.6507900651757305,-0.1307944463444099,-0.1046172636622875,0
2.08606640973148,1.092386443068951,1.1308592763481518,-0.119536744107362,-0.0458460779969868,0.3384454363903985,0.4636245254058171,-0.7626839354862062,0
-1.3201559766719904,-0.9476846588042942,0.3004215811631813,-0.780875473694441,-0.4443816948364801,1.1966974958017986,0.4712979630176789,0.4347676586853197,0
-2.660868066854943,0.4626592913266161,-0.5892742802593035,1.036903885123912,0.195543210219508,-0.98828121840852,0.5178249226179346,0.4030178920011318,0
2.5000725550283716,-0.10309050429021,-2.8502187263465832,1.4483300263645251,-1.192883561040783,-2.094404570798294,-0.2404788823016742,0.3539647197761925,0
-1.3638720919189706,-1.449278511539194,0.8788703608759046,0.7595218131684925,0.526197532212101,1.6454271951366832,0.3925064362622681,0.3344217604984205,0
-1.37449127101607,-1.03575507243137,-0.1253147722509843,-1.0192685177888892,-0.1211197605609708,-0.0334017255556047,0.2694541671234359,-0.0150802554386352,0
4.120723700598611,2.795193392404121,0.6304717038628262,-0.3256636929971706,1.0823428184867423,-0.1651942181403205,0.8202090183602179,0.6293066561719082,0
-2.321398238074136,-0.0560803712599008,0.2528721599714165,-0.6013873230360878,0.6210769515878454,0.4569918518166299,0.0324402213490779,0.0767736315622076,0
5.423360969842851,0.5775906679355296,-0.1458721334906484,0.7094891615432113,-2.1394906556245954,-1.1045026112410097,-0.2955015865162939,0.6673017276780461,0
0.2798740224233744,-0.2265149746742157,0.8072627711086353,-0.3363316410638311,-0.1476898808048278,-0.7698043737276986,0.7632837879809328,-0.3710682777123932,0
1.4687002870568189,0.1169417214094378,1.509396918289434,-0.0012047320097953,-0.3351512578626241,-0.7433521972294768,0.4404244769920079,0.2292969225951444,0
0.9269554857468928,-0.7275985088699649,0.2805968992634869,-0.8274040241038171,-0.2659416342830825,-0.0674550519263982,0.1887088374444169,-0.2527291684806411,0
3.3825949600368186,1.8952991272763808,0.8723465613110908,1.6147029693266024,-0.1448789876654321,0.4954173108430234,-1.4826080413085148,-0.4065422707367923,0
5.363668164262255,-1.4580099163158176,0.1998017735771703,-1.8404207858009811,-0.487638031013241,0.4397033751524866,-0.659032288423226,-0.4751742839401218,0
7.292551492759911,1.7084690696873444,-0.1187599794693401,-1.3638234647034644,0.8338956083279568,0.9202985988893974,-1.169769715231082,0.0231449382020581,0
3.7380879678391015,-1.7115616130890632,1.5465775699196096,2.8372084948125686,-0.7898341799896275,1.831521253772049,0.3979943052585528,-0.2181463632309216,0
0.9385859297335264,0.4176349098594408,2.2066003587194825,1.2293447144458567,-0.3372615883287254,0.4193919158864722,0.8559067350938367,-0.33528051568321,0
-2.1598125635750676,1.1466929781409665,1.1671572156075014,0.5897885389250481,-0.303911065750339,0.2880694433206525,0.212082245010898,-0.1903543650793005,0
1.6645239257356408,2.1247810267055636,-0.3999131753289263,-0.5103116007294622,1.5635655409637292,0.6239258284163178,-0.9460999189967236,-0.3531577059446275,0
-2.524593845700616,0.683904792639299,0.4558964032171143,1.0164719645567424,0.1396469250909162,-0.8245197532124235,0.3238480650524684,-0.0907861697433436,0
0.2315379245752895,-0.2229344975204466,1.5660392095780975,0.3832775933963909,-0.0371211676238378,0.0982528546113905,0.922761082288065,0.108654787226308,0
1.1741691265526562,2.2338124424554753,3.042224986016395,1.0449540269788566,-0.1588308809808072,1.2329375435463508,-0.521678545623083,1.1926397140921838,0
-0.1836522648272401,-0.0254534060327956,-0.7741702646753749,-0.4407050470696207,0.6690684785775205,0.5483656685538877,-0.4959229407151854,-0.1442558655544496,0
-1.9240511973700805,1.3104313926865554,-0.4879335208115083,0.7591190769196959,0.3650164501332643,0.2119718152928534,-0.2268277191789092,-0.2230416430894964,0
-1.2230173514566307,-1.060049407263981,0.094314047384284,-0.2416625695101983,1.4603342300001303,-0.3940304780160591,0.4632766648493241,0.1008404128842695,0
0.865202863110515,0.2156735113208434,-1.875220457966196,-0.4150204851899866,-0.7576379705700571,1.030263143890127,0.1076268947354605,-0.1770236407349436,0
-4.50911381372721,1.033757786831174,-0.1035030474393893,0.8489872957910664,0.762830795713373,-1.147739808200932,0.096061278074694,-0.1341941199031215,0
-1.8915790549243416,-1.2697971117546538,-0.2466071628894302,-0.951305936209054,-0.231225086162762,-0.4923104240377816,0.0870095361265117,-0.0543288887536597,0
3.710293707819429,2.841447070879614,0.7886301089185908,0.195861490055433,-0.4080875414009858,-1.1416236427464106,-0.9838283165780528,0.6466482509944724,0
-2.1065020150991716,-1.5622631748307327,-0.1055853161029021,-0.932082882414915,0.6960212242722399,0.5328317577983017,0.014517128447089,0.392645424818257,0
-1.3284143089747078,1.0106001106758715,1.220920880441325,0.997988221449454,-0.7037827710271942,0.3426424461664682,0.2190092340461672,0.0394780758867844,0
-0.9500072636759284,0.1837687753898978,0.5403447028931798,-2.8771762218502466,-0.185985715801247,1.515511754167431,0.0438758588305247,-0.3995794736428913,0
-3.154113807206731,-1.1215616318209918,0.3621460713436238,-1.0228793576206228,0.7922819234700912,-0.1383393720793173,-0.03437795736376,0.0577319119640922,0
-1.5647837232663482,1.619652583727394,0.7841805219606325,-0.1877741253318452,-0.2770081992508031,-0.3001719799525272,1.2433615871844748,-0.5470191753661643,0
-3.522973363674233,0.6893296922889874,0.1917845536321799,0.24112627839504,0.1396976407753787,-0.4536846755920447,0.1848497857131436,0.0494024289910975,0
-1.4066965457110294,-0.5171674414002798,0.1586215644285425,-0.91562265702221,1.213443014322528,-0.359569953120972,0.1358228921488801,-0.6109059294507665,0
3.0674012037099714,0.1456593414901642,1.8120510339850129,1.0222817478884705,-0.7946955084720716,0.5165649634216041,0.7297560800935574,0.4685188717324229,0
-2.0337980674459697,0.5400214033464716,-0.5093115830876548,-1.3874438068202668,2.190201592629997,-0.2132984776212902,-0.1407204791081016,0.2568469017341242,0
1.9519120383427344,-0.003709707848948,1.330537262262034,-0.2626271918486163,0.1053895085249611,-0.9445271287693192,0.7936432487074262,-0.4876094586258823,0
2.5146871527247634,-0.3726494104374342,-0.1438036477043527,0.5369577027123396,-0.8790463526950033,-0.856810292810621,-0.3821731506980111,-0.7728040638705934,0
-0.7210714528604893,2.2004572057802005,-2.5597859199355835,-0.019541390074877,-0.5572925148485265,-0.9145380891439168,0.4717338763269402,-0.097990828152096,0
-3.661319550712481,0.162937293393688,0.3592883045512987,0.1079210230810572,0.5602350826946464,-0.0372933303825165,-0.2847031786607955,-0.0052589732084972,0
-0.0734318111903724,0.7433193106961709,-2.058051788562072,0.8730783206153765,-0.3966639181552521,0.2932185766753151,-0.8502362064923361,-0.2816335514207881,0
-3.813685944414494,0.7636669573001785,-0.9563426675815024,0.4101082576185993,-0.1793987930942612,-1.6452174567426558,-0.0253982792589406,0.1410632593233275,0
1.9008276468884493,2.061298193345927,-3.4598794710813308,-1.5583584959144914,3.209122711337423,1.692052910452207,-0.3339571857663566,-1.2255631432243612,0
-2.1702899844618084,-0.4375799590324643,-0.035249530632583,-0.1745486538928665,1.69082916580761,0.4093427859381618,0.1930765736432491,-0.047734279597347,0
2.663962914722525,3.6167652727531983,-3.599332865376423,-0.8820192753524186,0.2757952967677157,0.6675999418113203,-1.797901243791434,-0.150995344240547,0
-0.4805140421425987,-0.2876835813688215,0.2176449572755697,0.3012851884312278,0.322108519103175,-0.1896782468000384,-0.212792951715295,-0.4907835673043172,0
-0.4083211083663403,-1.472070470219449,-0.1418329134191918,-0.1913552549598769,-0.219627284376442,-0.3335411296987294,0.3714715863669097,0.2277090952621689,0
-1.9423547040077975,-0.792051322251336,0.0309951490281717,0.0229471054164694,0.7513562080046386,-0.0356653368735606,0.4153004332272094,0.0693901595301877,0
-2.525816308591658,-0.594682525340508,-0.0147878531971369,-0.9194889626642152,-0.5862083153506065,-0.4946147604366314,-0.0971740824112379,-0.5403876215848102,0
-2.941171840983928,-0.407712206961449,0.2326070333546845,-0.6932861677930081,0.0793157741839992,-0.9571069783645232,0.0405627161655225,-0.2424233781267579,0
-3.8113856618631616,0.4321592879806584,-1.084168571860469,-0.711602955182166,-0.2186216846786606,-0.9306513057251418,-0.2506053422420841,-0.3017082632788178,0
-2.3442935855945164,1.0099005401337835,0.0758411236478473,-1.3351721573630912,-0.5428296075997321,0.7373582652110912,-0.4902872219396665,0.2774836885223262,0
-2.865014143091143,0.7164349659058452,-0.2627863068090365,1.3465945405420765,0.749121497798327,-1.100116912273147,-0.4172496741861629,0.0117817523437196,0
-2.295345069070374,0.4038044885856114,-0.2063857959410104,-0.3260717475268795,-0.2248559189178356,1.6338842351503369,0.0461978308932004,-0.4804527281651817,0
3.7926029254059785,1.2683106697254058,1.162480329290252,-0.8474681131242721,-1.0269788222433451,-0.6810224906402301,-0.2956754814163329,1.0471321873496702,0
-0.7184564919998021,0.9709093838579168,-1.1969730049081135,0.2317533637126868,0.6399923366523959,0.1736540119460499,-0.2338207097152697,-0.17978104691711,0
4.413856579973476,1.8584546419294925,0.7594382792940659,-0.6187639314873888,0.8998501240103839,0.480239927125329,-0.34207720710573,0.4926132598002782,0
-2.3162607009536855,-0.7933620322113056,-0.1955833611006548,-0.5341252062566976,-1.509670998487646,0.7943301775551299,0.3647165189415927,-0.1183300402362498,0
-2.244253887984451,0.5017129883259379,-0.7674935610876845,0.2310074297426357,-0.8337870689071831,-0.0714074645777221,-0.5696950463097269,0.1007658566893995,0
-2.3626722183759545,0.4132835036456944,-0.1559477354776946,1.3040309105820118,2.0534361514424053,0.8355751865865922,-0.1908710941829206,-0.1624810170468021,0
-3.179599684883567,-0.6422568838169265,0.1650053076284423,0.2878860344939201,0.0711234732854114,-0.7168694301354434,-0.5625437978537303,0.0913424580717087,0
-3.9373711732740055,-0.7516232217296062,-0.6552646579831604,0.3040579729346483,1.4269788433956905,-0.7321948266296625,-0.3396386362377997,0.6094087789091525,0
-4.578883922452076,0.7450863016733078,-0.1980530200936711,-0.0353293055294143,-0.0012312289835266,-1.5911752607869245,-0.2559520608985227,0.0513040397986735,0
-3.9945948152523303,0.6519868225606174,0.078055333846812,-0.5674017565181595,-0.3158750036967915,-0.9015091775452616,-0.4675034233441175,0.3317792275637963,0
-2.2847353047238164,-0.9710470721271172,0.3130187607172986,0.1307770028926428,1.455860369509955,0.2821784165291501,0.5244754114245384,-0.0760661636383128,0
-3.680185990435151,0.852187472639494,0.3227684954971633,-0.1737926040052528,0.6752898955056035,-0.8658598489556778,0.0963498375283108,-0.0389057906294543,0
-1.4500884138524006,0.0551423375275605,-1.0265495217048493,-0.4018007820400099,-0.2837282748651193,-0.9775372375587956,-0.3747094249745069,0.148064985262908,0
-2.6396861398827385,-1.3093009084176377,-0.4267451496906501,-0.4461068851585299,1.275451360432175,-1.4983087897217062,-0.1069531638104981,0.0077951627125108,0
-2.191871991214149,-2.262164641086788,0.6576950243201454,-0.7162174393138361,1.0635265974505397,1.168841711073148,-0.6643855699582095,0.5241088383496024,0
-4.421202906264369,0.5490930740173576,0.0502228886841986,0.117452283475203,-1.2175802502936393,-0.4495674028823099,0.0701977177315012,-0.0371883466787616,0
-3.9915591792978,0.3793875847457795,-0.3271401714751185,-0.370381684114285,0.5291184449931478,-0.8190444440159703,0.0609711777289556,0.0362083809098041,0
0.4144148008914315,0.2155025509468477,1.0083450060864805,0.0153837784926783,-0.4441815092193709,-0.6288162531576043,0.4618732524374462,-0.2660045797973869,0
3.947590158075174,0.2517147247000876,-3.162576024712009,-0.6237824805466222,1.236728600802371,0.7307677774631333,-0.339890870996617,-0.1549163989298385,0
-3.9926821523284737,1.789609176748492,-0.6271892960098678,-0.260066062949561,0.1265257980020609,-0.2992094193988858,-0.3432935185326687,-0.1312597440870376,0
0.243412076157598,-0.6779431422382017,-1.4687166401031364,-0.8753568430566975,-0.749762523397777,0.433260664764549,-0.6288301796502772,0.0532798725608897,0
-0.7199140779874486,1.990882071083481,1.246511835746214,-0.092165789289394,1.46908089722181,-0.8242618966881715,0.523589121353842,-0.2160640991762198,0
-1.0097915206450323,-1.2542983058222883,-0.1690173816275156,-1.1968016828001615,-1.7963083631416543,-0.3550440004678562,0.0474769521569805,-0.206017055202716,0
5.03863976273526,-1.8694657253468625,2.5514924947515407,0.1626646700476665,2.6011029985737246,-0.6163910205598878,0.8262883716187513,-0.1808444885137661,0
-2.3644731017840313,-0.6291120778613984,-0.1172083725690471,0.0353501502002101,-0.170351054081728,-0.6829489597032854,-0.3288397125742904,0.2290834456107127,0
-2.057534629670966,-0.8285156061695106,0.5059761255864128,-0.6407948776961623,-0.401399523524139,0.1879204701951524,0.3966235286614178,-0.216973433850951,0
-3.1197819803451665,0.0086538709707301,0.0507981576876644,-0.7978504521284078,-1.3010771872813227,-0.9478869991657316,-0.1063620915728454,-0.0612722682012874,0
-4.151161555167671,0.5576664419251703,-0.1490296882110246,0.5576327321845046,-0.3488702426004258,-0.3718419800104575,-0.4062420783106685,0.1446308077062262,0
1.5934123175978494,-0.5076278687718592,1.1198598312346584,-0.6644498743317886,-0.4980111690175767,0.4396930545468448,0.6911232914274174,-0.3766237614644281,0
1.6124368628717949,0.6559651964059916,0.4089728026633309,-0.7389610256043725,-0.5408668390851645,0.7211363417068244,0.3970542291314078,0.038888332074873,0
1.5227291928152271,-0.249317580121119,-0.3145607059577408,0.1971800434964517,-0.4954294235907402,-1.3557302983926465,0.1160220683687224,-0.3378362870947742,0
0.4761023359358408,-0.751352283151918,-0.5364548650905381,0.8091765720872826,0.4288025207140565,-0.3342261215847528,0.1201810083605173,0.1512609764990829,0
-2.0536909966291925,-1.4697301947096,1.0420692757316072,-0.64416527327866,0.7049222528473215,1.0498719901948217,0.2090008121877778,-0.000589772112808,0
-3.376942460820246,-0.8847373225472702,0.0603489295599631,-0.156918698469767,0.6649829763502836,-0.5315186435453804,-0.3129291879853317,0.2664412290870155,0
-3.2411235469064854,-0.0886622207764119,0.06886419443062,0.3695455034202549,-0.172460141756094,0.1037752853296111,0.1478845662142811,0.0600404619002496,0
1.1572609095570343,1.2877312239126548,1.056664468938228,-1.1084300008672126,-0.8595818574540169,0.4859004473415405,0.6290471654332458,0.53437678965108,0
-1.3853950969174225,-0.5882220761218573,-1.0246392945502594,-0.0862895331361186,-0.5600734115211286,-0.8505205856312721,-0.7344834809815406,-0.0851075076443637,0
2.7496770703763183,0.2846078273165789,0.5306411828293207,0.7734143687064378,0.4805963101572357,-0.4604438020925113,-0.2048757475034059,0.0732744838346198,0
-1.661478502504875,-1.3021666719877791,-0.0075788455091234,-0.6525073254778455,0.1873048992807213,0.6072287073176236,0.1111566049356247,0.1443067629521855,0
2.2715324744504986,2.2449212269904826,2.701501593839925,-0.3478229694913791,-0.9279192825312994,-0.0282993070673095,0.4011488529165218,0.4935752724201519,0
0.6074329101248578,-0.3488900650670708,-0.4130860198057486,-0.0810899604838529,0.2501337079656948,-0.669251912910071,-0.0409640083301319,-0.1734694753050459,0
0.1953016130133431,-1.013436530065849,-1.6675156095641737,0.7944963540367063,0.729043331369306,-0.5103301324639493,-0.1423797913228678,0.4454611928145702,0
-0.5978124723599079,-1.7140838618401568,-0.4710486387035517,-0.4006406424917532,-0.0957714271408617,-0.3365479934325399,0.3334308183193175,0.1027025019449742,0
2.564166914732235,1.0056566953877788,0.9423183136265518,0.2038457659270579,1.6589444814056968,-0.5379667629003029,0.6009685247763,-0.3176181488143088,0
-1.1163513742123523,-1.3789940156091054,0.3814568874005963,-1.804831902626284,-0.0484125656068925,0.6178423741848784,0.2450802168152443,-0.0488054520105601,0
-1.0521525062886063,-0.3976902269646964,-1.4821690396634075,-1.018163898316664,-0.7054561388568851,0.2311113110895936,-0.8581203783410494,-0.0647562438313807,0
-2.69022746157258,-0.5770918131621815,0.1843318310450395,0.5626341086289268,-0.0950710396716939,-0.0010286814120591,-0.1644065897599721,0.3319072612836087,0
-1.42729295809632,-0.06483047932729,-0.0016528669248574,-0.0443225691360245,-0.1008788050338943,-1.1923799632293928,0.0993162854251725,0.1928760906729742,0
-2.1891093873554177,-1.4898200562208412,0.1112198411965568,-0.1158182715883766,-0.613037695505216,-0.1153858382711254,0.2729663513102975,0.5000378214420086,0
-0.4422629105883909,-1.7317696154768676,0.3548604680797463,-2.040624824947476,1.576199143043591,0.6417851548804354,-0.8153151810004362,-0.9277283390197504,0
-3.5685290480727354,0.3587851040627635,-0.0636599085072294,0.1213715045731291,0.9241421226280884,-0.3474805475157244,-0.26068215099194,0.4160710078833394,0
6.61848673029293,-0.5944459581576956,-0.9595136102732896,-0.7148549855230902,0.9336269482700614,-0.1048374425584088,0.6376330733332217,-0.4465815742384586,0
5.593714074544752,1.3204832383544611,2.3958980806390673,-0.5412703796958307,-0.3203850074166076,-2.187350367376666,-0.2537351358887032,-0.3844499290190016,0
1.3616946347633174,0.6573128860089101,0.4931203570532252,0.2760009337479694,-1.3583983309447445,1.3791614531147134,0.6487579172680175,0.8622839612175839,0
-2.110285911584439,1.3916836780918744,-1.9656531555183112,-0.4636900883160838,1.073251221069191,-0.7330843071239408,-0.3726885131741244,0.2941109511745304,0
-0.4254935958384502,1.90725297965349,-1.9581561460091148,-0.2667935767225787,-0.5036840530207187,0.2135909861349576,0.1739134765930608,-0.3875724264379666,0
1.1984353652524968,-0.285979697257213,-0.8926891679313947,-0.8794620555969695,0.4695571107782221,0.5695578532882827,0.2431511892096797,-0.704244586082214,0
-3.234369046888931,0.2413520796560641,0.1953053753572945,-0.0743593775084177,-0.6102210731947979,-0.6084519299507083,-0.105241347150901,-0.0493920064380702,0
-1.6969760531478453,0.6807951268444232,-1.5029138280798862,-1.026137274865349,1.0513460582022864,0.2340548462668228,-0.7938478282125678,0.3524859321452289,0
-2.210828759865085,-0.4452963240544671,-0.0124415193666063,-0.4971124809870423,-0.9287700210356624,0.6228863653322055,-0.2092248606997788,1.1208517448891582,0
-4.439469437192637,1.0759146200753489,0.2296685826695388,0.2180064983268124,0.4423966298493963,-0.3172038922987174,-0.252680019551858,0.1980117110068881,0
-2.1115271093879433,0.3475207231716163,0.1392911662338367,0.5290766249318358,0.6187736547412738,0.424798218670817,-0.0301521084161223,-0.2732973340115849,0
-1.6428602471689449,-0.4235571225486463,0.0964548122949537,-0.2006769876050524,-0.0091300438761719,0.3043755006084569,0.1538565568483623,-0.4327428732028581,0
-1.5375646953773503,0.7062673147354535,0.5912213325930822,-0.3785115803264553,-0.9555210290342916,-0.2560218488992384,0.367646292298529,-0.4520396764092118,0
-2.557017226580254,-0.2587276909947411,-0.0887573569658349,0.544059997739204,0.1745998239747792,-0.6788492948648334,0.1233585814788538,0.0379644851520931,0
-0.0713937094949094,1.793004720372248,1.329987054886019,0.0476168792559427,-0.4720697728086751,-0.2499966149747432,0.3343795601166468,-0.4807555914718907,0
3.143036587637298,2.7944338833800604,0.6789521670315287,-0.0860175162603365,0.6020763298410691,0.9108631810508862,-0.0908696492286805,-0.2612255580516535,0
-1.3865472017795228,-0.8467243054560089,0.2337649366449126,0.283131753856476,0.1329316062502899,-0.247663012173105,0.4977323103696459,0.288820891190048,0
-0.0762020102739033,2.379648074622482,2.405686892890392,-1.4430335764725015,-0.2673419486271761,-0.8419134242861107,-0.2664118270412755,1.213402075880041,0
3.040863630359092,2.16151665456437,1.8972920745666064,-0.288691125729325,-0.5503565270933488,-0.6772460685923906,-0.6377970714613578,-0.0785309488793336,0
3.938207305957048,-0.6221108410603926,0.2773517739116785,1.4021151426655711,1.886846097195614,-0.4230904039248841,1.1105511975561724,0.1931648245657364,0
-2.4262499591017477,0.335268035893716,-0.2870317200751873,-0.3301306791659069,0.304846557740334,-1.3525570459846743,0.0913852591265748,-0.5362670416256003,0
1.3983209912192327,0.8553154245417778,0.546223225649199,-0.5645994349774613,0.0559364209800154,-1.713586381141575,0.1647040336026809,-1.1389746884987832,0
0.6547691643507572,1.1265247312619535,1.496612918901393,-0.3091573838577708,-1.1590126440809865,-1.2396072274456886,0.7020697776239139,0.1212298443070424,0
-1.9839223659449887,-0.640488706423094,-0.002990751788457,0.3813671187561631,1.2763452967352962,-0.8897943146307816,-0.0549492147491188,-0.2043242401063347,0
0.002099565566088,-0.7385038258106292,0.1908954869940523,-0.2931609607219838,0.5584128843869882,-0.7674341715879903,-0.1529150344472012,-1.0683157852664824,0
4.365514906012853,1.150384247696656,-5.013830456675885,0.3205615019632907,0.559165817325761,0.549832452775309,0.7715456486993698,-0.2829388780390759,0
-3.0455462742674007,0.8382571542127654,0.4980652050963186,2.267574181794749,0.0191486871201319,1.0250516814323052,0.1688212871771816,-0.140529221191218,0
-0.6807367447485637,-1.0645094837432756,-0.7330489021414697,0.7860797045046678,0.5685237209586532,-1.2164485323490273,-0.1975888418203502,0.0756841370494277,0
6.3694319098713,-4.457283619567415,-0.2606612987862206,1.451299108950624,-1.354949466753007,-0.509907778485223,-0.1909068884833073,0.1094839624991537,0
0.4648318952157329,-2.5695934264818017,0.164768919098778,-1.7295197296096656,-0.293519389342367,-0.0366205401134304,0.2559889204567709,-0.124898422104542,0
-1.987209432868912,-0.75980390564383,-0.6001423048822314,0.0786956953461302,1.6056748936750238,-0.7431035406160399,-0.0849272281012735,-0.1256383356442466,0
-0.9727116201875752,1.903544799797624,-2.509454585473469,2.23354706462009,-0.8346576506670874,-0.2971664552886853,-0.6292032688955914,-0.6476462969766851,0
0.9346588325103722,-1.2302244651595953,-1.0937125745370375,0.2818815241178039,-0.83961271906221,-0.1476752267098342,-0.6095449218750555,0.1136023161700047,0
-1.5507220886035775,-0.0481227028627914,-0.7144041591333143,0.1617730540757662,-0.0246516252701522,-1.4405177733526604,0.1719028359602318,-0.1752952459191203,0
-0.9875648581821124,1.3254463184015883,0.1184546126047681,0.3037429931698455,-0.3216033019043153,0.7209596252156641,0.8373581784662856,0.034983120124558,0
-1.1127197718298107,0.3435287151592519,-1.625085313347726,0.2850956188556193,0.2107852863745814,-1.2813164735041709,-0.2356071772438582,0.2602827293118562,0
-3.2969124264808936,1.1232314012698772,-0.5847343558503987,0.4875952574944118,0.8871153796965866,-1.1026339264330156,-0.1674456286346228,-0.0701997344411192,0
1.0469882532306192,1.1801006038283983,-3.7653297780142863,-0.2298322513253421,-0.0883381250117277,-0.2219966211709242,-0.6427341075615572,0.1331789213955145,0
2.722053364845725,2.922223214649875,-0.683200547799795,-1.140238083792593,0.2657514748622314,0.912865519697766,1.0807830968745933,-1.1208099228654744,0
-2.0727076392805746,-1.656153096295832,-0.2470113217901513,-1.0424846306091482,0.068526537109709,-0.5288450295526901,-0.1203637262210877,-0.0203965546825409,0
-2.035575359234628,-1.8216751882358224,0.4139412655041775,-0.9139065303366658,-0.1683181377348156,0.8831171090929373,-1.4415242401028847,0.911526579080472,0
3.2683802690769546,-0.5194882857762421,0.5830075521701379,-0.4455199005837177,-0.9095460995879054,0.1058909897703277,0.3477974298175969,0.4724368778536172,0
5.15220619357885,-0.0222097623441612,1.7158335372387894,0.5932415330399218,0.1663129336978814,-0.9491872609589682,0.20396625190714,-0.5117933415256357,0
-1.0268942289662242,-1.1270009961404694,0.470369384670079,-0.6629051321426351,0.2999052100909108,0.3288309426486713,0.2683812269149179,-0.1493874275982633,0
-2.914771134086221,0.5120777167601618,-0.1947247613625541,0.1444351736832139,0.3420207394957796,-0.5246703320503312,0.1931725998909663,-0.5288290366969963,0
0.0645720752816091,-0.4122561374333596,-0.0466792292673183,-0.3777054639944877,-0.6159907388036221,0.2046711695377004,0.6999643722330401,-0.6142974962501073,0
-1.5765741297681068,1.8117884351734468,-1.5927584004328788,-0.0597203058741945,-0.1197469233571197,-0.3523986596132181,-0.3555965461304787,-0.277700072115472,0
-2.6200376280462874,-0.4943608935334926,-0.9102882866979396,0.7826335256551614,-0.1977570243272866,-1.124609781095568,-0.351648258254082,0.6744352908232515,0
-1.7744493099049727,-0.6025819149799773,-0.1360758088942092,-0.0664778020774288,0.3945661433377536,-0.0522079725808248,-0.3377936734808132,0.4356352923834648,0
6.125536362416486,-1.4307232873931917,0.9194066018538278,0.6922439499605807,-1.6317620624443512,-0.7911388178343708,0.5043499982399591,-0.2521318009204003,0
-2.5964004080465393,-0.7883911977644128,-0.2810407592670462,-0.8405790331337943,-0.6085081438813588,-1.1907415248973454,0.1060873945560937,0.409437860485021,0
-1.4016959557362425,0.6221878493687626,-1.185772599654797,0.7473970254474491,1.7806136611647911,-0.5445327007921686,-0.3125823328823119,-0.3473221062215613,0
-1.550237745771829,-0.9959618030472552,0.0693652598091859,-0.0291102315440163,0.4512042770923373,-0.6083876008962184,0.2033775165442188,-0.3518561945949329,0
-3.2862954770756065,0.7780763757266345,-0.2131928393884765,-0.8858808381279581,0.0704620162200425,-0.3965275995232727,0.0125813666753738,0.0327280543626619,0
-1.6146126387741042,0.0039468484886635,-0.358898205263397,-0.4821227630412061,-1.2407956660429509,0.5641663915454053,-0.12784098946233,0.1639029472156112,0
-1.5092310854643691,0.0010923339149189,0.3924265098664085,-0.488461531280104,0.0635392502972143,-1.0490027168624614,0.4089386571944008,-0.4854692015730588,0
-1.02571583114786,1.921438593931597,-1.603259192046719,0.8031679363833,0.4392714798000839,0.1668768360413202,-0.7251803141096325,0.3199688192108932,0
1.5039785406381974,-0.0058454522868197,0.9409445649291356,-0.0998247582374107,-0.0284954791205576,-0.019666233673394,0.0670041163154013,-0.6495477666743082,0
-1.3427502583982154,-0.4313746767668691,-0.0672472528598713,-0.1681536770575709,1.4930812578450114,0.0493408817066619,0.1950461097265839,0.0569654467473816,0
-2.1645997506077626,-1.0963290517428477,0.1842735784440007,0.3124280840468913,-0.343950608441796,-0.1412257709335515,0.4943691400511422,0.4784511815153492,0
-1.7560411206020838,-1.4629525475318024,0.2777384495814943,-0.6187297353869233,-0.2916733857245356,0.2387385050684017,0.2153337404565428,-0.0873100719388174,0
-2.396846674069784,0.1896571427809031,-1.5456364396043851,1.784659463864103,-0.909476956609862,0.1684274159980912,-0.2833948193875823,0.544265145806291,0
0.1410991534579578,0.299416894418921,-0.3054094342516043,1.228798702657241,1.0417373693429002,-0.1290652649403362,-0.3326141175340973,-0.3086125964686003,0
-1.615589911013012,1.2434893542300354,1.1923349435016293,1.331029912584581,1.4273061387943116,1.668040388771998,0.6885682658593847,0.2330019911143283,0
-0.8393328011919211,-0.908542045635851,0.1386736007675852,-0.0686947326625376,0.6785039658050729,1.0408784135584082,-0.09876129096881,-0.3209789206606814,0
-1.2653682056080766,-1.3783094745086126,0.4177874875518116,-0.5963177218278205,0.2426892675960354,1.8095883866384783,-0.1744598322891653,0.5703167749772854,0
3.6614779212746176,0.9749899341781983,0.8247278915438625,-1.314870526472546,-0.0853416183542749,0.8115723239072172,-1.463402757106684,1.4551002199080747,0
-2.1912611246605707,-1.0355377782094497,-0.4083361158843471,-0.3425065494639979,-0.4577298600057859,-1.134324171311969,-0.3338469659569881,0.3781963778881966,0
-2.4409715297326477,-0.7104081623081251,0.6157262629722167,0.0380614568803332,-0.071551060309986,0.9467116753945232,0.1067929126035199,0.0928010916735906,0
-0.822641289054771,-0.4515917820488546,-0.5950782566686551,0.279069568015236,1.06421611358253,0.1559938734719733,0.3055078484606797,0.4385131710464643,0
2.2408222790417716,0.1005986677560711,-1.0302543339312824,-1.183804012106604,0.2644540466644777,-0.7291113221165085,-0.9824116765405584,-0.4786913477617985,0
-0.355715835337226,-0.9335688823589836,-0.2071210574197154,-1.1277929491896783,-0.2450935612116412,0.1810133259206504,0.3422532626989786,-0.5510471542828721,0
0.1140985217605233,0.1579923591317581,-0.7644032850688376,0.6005935438599971,0.1948460611750307,-0.4038832474388799,-0.0458944008639264,-0.5111000161848304,0
-0.5829280731500912,-1.4830143343325053,0.7911535527171966,-1.7366386090778363,1.945551864450671,1.7319438475026625,-0.9912251018645636,0.4641786607972753,0
-3.624001629659257,-0.3047585390794086,-0.0804229726129394,0.8318793629904744,0.0096774379122231,0.6564782480713518,-0.372278074428549,0.288582166685311,0
0.4207596935378757,-0.9536094034120964,-1.550839766691165,-0.4127073843137009,0.2387244878626443,-0.2471378325995609,-0.3008574320125499,0.3743103420774725,0
-1.2005371703263648,-0.3795059043086206,-0.2852799267298838,0.2960829359564472,0.9784061468929596,1.037255716291677,0.2893842307605173,0.2746562059716879,0
-3.7739724126226775,0.1098184912684641,-0.4813552813390375,0.1662554500355426,-0.0141021363913821,-0.3574027439901727,0.0420822449556974,0.0158653986514026,0
-3.7122662398098463,0.8406418505853487,-0.0281170047875353,0.1488745061858139,-0.2225949381592384,-0.3190735660817019,-0.2143312985943069,-0.0252862907470174,0
5.661550544585242,0.3223543310034564,-1.8278621860391953,1.6328887799083134,-0.7246597558483883,-0.5987324517628269,0.0936583980144825,-1.01704969064778,0
0.3564728456560242,-0.8339027746403145,-0.9574109138879238,-0.3456599280373034,-0.8251492953610501,0.2434837414766157,-0.0095185546622465,-0.3852873447614269,0
2.7003522948382392,0.6213089673824893,0.8762485990194585,-0.6630985206426915,-1.2489485118892487,-0.4135038554550877,1.5836447834539416,-0.4872953340570894,0
2.473073496772378,1.5027015690356995,0.5735779837214101,-0.3881793940761811,0.1417804070125747,0.1880804089946766,-0.1063967536148579,0.101147750969004,0
-2.1898360161532553,0.3883109032929895,0.2057078036069723,-0.1762740533469672,-0.2905305337650216,-0.4944204150502044,0.0342170294079497,-0.2250462337875907,0
0.8842889000100347,-1.5668150020438538,0.4548104663328315,0.7223279518423521,-1.219683912501608,-0.2452342075379952,0.3272255775641486,0.1348784557255052,0
-1.7586273041475562,-0.6477807418627266,0.6293872999778368,0.1599792994590386,0.9872226321395754,0.1920939419626764,-0.3228416117393138,0.1032457008305137,0
-2.2065752615135903,0.252925403839557,0.1333671839831291,-0.3627627697734875,0.3556760626615333,-0.5373316269734545,-0.0151663424320642,0.2292522036165206,0
-2.841105882083003,0.5160739813252133,0.4187357134144268,0.1953043244068413,-0.0489262768148049,0.0417999446311877,-0.2568457462589634,-0.1065732302491709,0
-3.21128751418285,0.8495718043987935,-0.3396498495971965,-0.2658204798343632,-0.0346301408689549,-0.6622132857272434,-0.0410413914435376,-0.5135412184995796,0
0.9406185136397006,0.1847136209888668,-2.275843486807359,0.6101988235763167,-1.260304391272225,-0.4856207355718916,0.1642092971032719,0.1962272216094223,0
1.2919848198114563,1.925386168006142,-0.2300835520573356,1.5040533776805645,-1.1650815408069983,0.1744507790784349,0.3838088289260534,-0.0487472287384067,0
-3.371073001448685,0.8207213142175473,-1.3731070988950376e-05,-0.3697207639456107,-0.9165377521786034,-0.5725274588173362,-0.6122449693668434,-0.1180626527430053,0
-2.5212082473431012,-0.1491006160172475,-0.6424919690554366,-0.5757889034758457,2.4272977456229015,0.6902116771150159,0.0397686307970732,-0.4987832273683765,0
-0.0088043597736781,0.3904351070336391,0.4762516148567726,0.3737605011284953,-0.2258308185511,-1.426609052718009,0.4561925770044557,-0.3427019984786095,0
-0.5872448082146124,0.0255077251886301,-0.1262962460856847,0.1135608435476557,-0.2163635660849708,1.7256247927399464,0.2150155079043048,-0.6513942106306669,0
1.8326794546818608,0.6550142983831032,1.1637410986266994,1.888031635883158,-0.7764011208703723,0.3343267297947516,0.8345702017067578,-0.1565775877658208,0
-1.2339738584854676,-0.7494538705167195,0.6577057364534624,0.1873572474503597,1.1777127717769442,-0.596505942171208,0.4800121142528369,-0.2241345571195846,0
-1.2653587892210971,0.9892837770142656,-0.4153289004715739,1.020510090898638,-0.4980682568923902,-0.8369774769438196,0.3660598597238141,-0.0717353289540825,0
0.8341445264272775,2.030158964347617,1.269454629297809,-0.0337873676400097,-1.311442179647294,-0.7433665358343847,0.3605240002082133,-0.1988567458868471,0
-0.1544112797430017,1.9099083300538064,-3.0738038273096024,2.0784813526341788,-0.4441225637099205,-0.3818079313040091,-0.8671385487506464,0.0454296527137661,0
0.62369172075798,1.7992543694617582,1.2548112112581185,-0.1294764960609255,-1.1937320657928463,0.7355622425351324,1.6196229412666816,-0.3685474348799337,0
-1.5736515913339255,0.6210030672642258,-0.385133832210848,1.7885325666589802,-0.2436745653871818,1.578305846965559,0.0946981650158627,-0.117190130189185,0
-1.194974387540889,-0.4978309881867461,0.3215108901104079,-1.3714467427606565,-0.8326757479476722,-0.4800254963274036,0.1818912678689001,-0.381250104549255,0
-2.1473104885412653,-0.7695462289467667,0.2018934837323026,0.2838968688838342,0.8488300497149222,-0.4755370701144975,0.5294552127509786,0.0834861118325904,0
-2.2472959954423515,1.167254151230825,0.7450483347805612,1.6244916188755427,-1.013575055737232,2.020924326731902,-0.2084608335626814,-0.3088198436903064,0
-0.405772197200926,0.229413216011809,0.2221008499296833,1.3383010234572004,0.0857822794896468,1.999387441315076,0.7813499880610627,0.20082365284107,0
-2.5098420737942475,0.3326982395010933,0.6389513892937242,0.966831610148444,-0.3036023953959258,1.1342378561195077,0.5877622963636687,-0.0815403187179414,0
-2.9897015527535684,0.5930494683705188,0.6859299502754627,0.8443027130779173,0.0004634416672909,1.21087047226836,0.1307408160998555,-0.2418875870397198,0
-3.057287725672736,0.5023715278948128,-0.1439797522578432,1.7024000605979397,0.1061597836552408,1.8102070994146793,0.0140288492195734,0.0053634087689627,0
1.2237921904522149,0.8857574395431019,1.72693694732133,0.2707611110005778,-0.4194353656666238,1.4557562858876367,-0.2743077771988781,0.9809133536887272,0
6.753348051061499,6.278099710778214,3.2146349873771434,-2.0525400346249687,0.1691829882789051,0.2533156288311638,-1.552171299690606,2.5686185893560327,0
-2.6638647787152654,1.515151914484278,0.1935605172776514,1.834824594132959,0.6666779864602809,0.8226961010042637,0.1396634788425416,-0.3017227381590148,0
-1.9198555168204925,-0.687472562108852,-0.2440759130495451,0.7056487607162788,-0.0701245482796672,-0.2619156535106227,0.476536349811526,0.4204421623321678,0
-2.5151647296207247,0.5683277641370194,-0.2862999885700014,0.6943871264837269,-0.7153837297548546,-0.5178880632203335,0.27644169381121,-0.0128048629825998,0
2.437027423473593,0.2689427802568043,-2.7326885360972044,2.3643494992633207,-0.7171860091388634,-0.9961265321231636,-0.8378723889920133,0.4533042949957728,0
0.2702706900572462,0.5772414325513404,-0.7649368532941451,1.003505038748434,-0.8429717672069821,-0.2456617138516494,0.3601262840394515,0.0782388784176442,0
-2.529596204101171,-1.0500620938278251,0.0903232213849224,0.2833391970516629,0.2572370393905083,0.2052408021934212,-0.1586742774625124,0.9529582036051072,0
4.166246861608362,2.516916616578363,-1.346191078177129,0.7593654896769141,-1.0627328709677029,-0.0451695781666278,-1.9196550750924413,0.1533804822438197,0
1.8200094658793808,-1.1693708172622548,-0.4671889749096433,-1.3840256623835274,-1.2020609918420602,1.0531266949950653,0.3299215489639155,-0.0929282627493698,0
-1.150192786164664,-1.0079888816080247,-0.4697745708808817,-0.3559005993637347,1.7199073970548089,0.7162768254104914,-0.2660559033589316,0.5022730440996264,0
-2.0836507764220533,1.472511151970973,0.5264395926327536,0.4891254445391715,0.8439032494723401,2.1166438905023206,-0.4652696068941271,0.1126714070210344,0
-1.363874296891482,0.2518211346974582,-0.4275032324467656,0.5265230228139773,0.1927593983459993,-1.5561341111821594,-0.1704840063752666,-0.1671522958864433,0
-3.6999194703866705,1.1431894506768638,1.0626890003603475,1.8616558840014976,0.8604622035286724,1.7694107353670852,-0.6721625580466982,0.4317227763394437,0
-0.0006057129404224,-1.668881018720321,-1.0691545821184083,0.4125219697695184,-0.6578457325572116,-0.5590261143530151,-0.8510028476327637,-0.0658012434003087,0
-0.956151087625861,-0.6975382446328333,-0.4163870990727487,0.2718520917109194,-0.0644404400778584,-0.8936253034838435,0.6588831847324087,0.0437051367802285,0
-0.5693423431504698,0.9016907339497968,-0.5913490548855667,0.7286979055980772,-0.554104329874206,-0.1740672406646233,-0.4561986041705198,-0.5500273032827774,0
-2.865879551047058,0.2617706720479439,-0.353715874744778,0.9667797628532452,1.1481688975485351,-1.1564443013485306,-0.3981227976824871,-0.2043675335360835,0
-0.6905766284297116,-1.328457042178899,-0.725610623972551,-0.5089378311137408,-0.2988335772889817,-0.4005563766950427,0.2601986286272445,0.350336550565941,0
4.051962596915217,0.4749996337950045,-1.250646533514466,-0.047425325654378,0.5330932658411106,-0.3576943177258267,0.6864180356838637,-0.9663871815656868,0
-2.238841993291347,-0.1813362502587599,-0.1869251557926456,0.5067390857449744,-0.8219250861515393,-0.3509531693014546,-0.2988477011651216,-0.0630850096481559,0
-2.6631907406005055,0.7263152962728716,0.0418484151909188,0.6453215035210165,-0.0407343359575944,-0.3643637046423186,-0.1870453990704416,0.2208804195291232,0
-0.5196501624220573,-1.7484488534502691,0.1756749256075807,-0.5262877950590161,-0.2945952026808437,-0.7709789658216954,-0.0678314834629519,-0.4036406476185538,0
-1.8938228268052413,-0.0510107812989773,0.3023426438854108,-0.5070138816095162,-0.1626217867494606,-0.0579423268113927,0.3525267271205746,-0.4391820541982421,0
0.3238273370354452,-0.9046326129671248,-0.0297186761857799,-1.0189649567806998,-1.1427280554638868,-1.5511778766860704,0.6851241004885528,-0.5536359985032685,0
3.6021174251497468,0.8271457513456707,-3.5574291795049713,-0.4382436135805925,0.974311223660934,-0.220757324012481,0.0433383483355026,-0.1987838860939027,0
-2.3342057048077445,0.5638290723539072,0.0489371752064446,0.4432816282815416,-0.6416527181934542,-1.0347859711483751,0.3169532812979549,-0.1775320252284365,0
2.705299165573565,0.2359054549156617,1.1794942817979168,0.0025088423776301,-0.6357700969657796,-1.0658582260041705,0.6450291795139501,0.1226411625308608,0
-0.7992908602328102,-1.28128199868054,0.3475237623494331,-1.44598150940762,-0.5121872719530031,0.5391749549862896,0.2109851207799152,0.0549089689339508,0
-1.0748084979840322,-0.4391977707794137,0.9325382713559102,1.8668319462172216,2.645319796837951,-1.335781734087842,0.403841080047091,0.0726233661138656,0
-2.364630588391376,-0.4434671542802817,0.3353764921578071,1.4345106217826054,0.1095045151271089,0.2695197722965337,0.0352708798343823,0.4179797765739622,0
-3.4454163155896578,2.1546254161469016,0.3363441514992551,-0.4855730920847296,-1.0314850422457733,-1.810514439428607,-0.2560024779823113,-0.032274513579626,0
1.262294036711528,0.9528400404537302,1.0011812049310769,-0.8613656558460693,1.0963394621182712,0.2594783690781382,-0.0606964453774489,-0.0496012981170633,0
-3.7872056638590976,0.6551903644038765,-0.6004300275141118,-0.4532406044713428,0.4793499635206692,-1.1007757187401754,-0.5507660926832182,0.1590408010029589,0
-2.569536410051392,0.4599723578578151,-0.0628061125355615,0.9370742142344968,0.6837472594802577,-0.0064538477321036,-0.4422528173478908,0.2208025375051664,0
-1.7805917859764635,0.8065122411403405,0.2024096518468001,-0.0416538503921842,-0.7755241203693599,0.1356785126514282,0.5817679414804491,-0.6326007983670833,0
0.8537609995342667,-1.623275100298825,-0.1032382748679687,0.4696383317904783,-1.0698905623103658,-0.3056380460148573,-0.099444546856073,-0.0392349034063655,0
-1.83111760457787,-0.6742490208361082,-0.0275528956741876,0.5952532006243574,-0.2581306288828863,-0.6415236225089942,0.2451195244335518,-0.0828434063974727,0
1.6935484883553815,1.0920681718354806,0.4232243766399873,-0.813752745655359,-0.70475781980777,-0.5316780925969182,-0.5089465666077555,0.3808150428902809,0
2.592597679365299,1.1254724770321345,1.1548099126806588,-0.1373088774496607,-1.1462889849034,-0.4312033344720062,0.2267242164067413,-0.5084730848873276,0
-0.8669249383084292,0.4371971772789127,-0.0123654872556003,-0.4110686649109548,-0.7447149923199662,-0.5495660390907697,-0.7402933730482761,-0.6150834273987071,0
3.517592277282902,-1.893913605051453,0.5464132845795162,0.1238050683145667,0.0493464747703167,1.5386975124636284,-0.3902992502414234,-0.0511828250096381,0
-0.2084720932343373,-1.578903222754361,0.4536444817083094,-1.399454979108449,-0.1788024264510824,0.4348686208049271,0.6960192362398173,-0.3158036427023519,0
1.964892703468755,3.566076443376511,1.477468260892234,-0.6680744638851325,-0.3040825454406579,-1.0375358891934814,-0.5910976930398208,0.6678862689239684,0
4.06270093561451,-3.8424563590022633,-0.6840232709889132,-3.59933325857559,-1.3898791835091913,1.5847057715683104,-1.1617899340510485,-0.9998324026353272,0
3.4186837614360326,-3.377965768246602,-1.4195415291219835,-1.4716447287743282,-1.9303354354710704,0.4078020129713563,-1.0390566264983887,0.0491707294703676,0
0.380190925815631,-1.1301393371822963,-0.1918005261125316,-0.2822760771346613,0.0324220789934816,0.7059369099549426,0.386822668444875,-0.4044932815231037,0
0.2823329241842108,-2.5466222034406356,-0.340033882433068,-0.961740334967918,-1.0845982341875278,0.9633150739588096,-0.4574500060488088,-0.1640110775278923,0
-1.4911419674187862,0.3383775646200921,0.0565421213967495,-0.8429294079895238,-0.6065703284537355,-0.4485314936247208,0.7911384759407568,-0.5776953674495234,0
4.239143565143484,-0.4197596386535186,-0.3865506761950711,0.4864949978299556,-1.6367626238851458,0.705412890778379,0.475199773050069,-0.6772712137239569,0
-0.7030403711588888,0.3179574089096275,-2.205796490614788,0.5015151293180725,-0.3847823072983569,-1.087633734828838,-0.5628096281223445,-0.1209741826942913,0
-2.78587018063643,0.6349806018783646,-0.1178799956506844,-0.6391709985288365,0.0577674115434668,-0.7630832661207758,0.4001725303082595,-0.4645891345418905,0
2.5439232344238265,-1.688770684077967,0.4007566580235051,0.2877087179603419,0.052947627615396,0.1796002483551516,0.1754034593569842,0.192109177587585,0
-1.0707086560045112,0.1600557149224332,0.0569133032395042,-0.958614915726174,-0.1238040154519585,-0.9927014186472102,0.133818917908606,0.0631237013548742,0
-1.2606848357325242,0.8755469588376267,0.2056426831317139,0.0755533643210884,-0.7592292188306242,-0.3096022378568235,0.3112129612807213,-0.0408880928394898,0
-1.0064896976748412,-1.108281744449132,0.2675705484281789,-0.8199465913339455,0.2307797046549294,0.7760462816721265,0.6704477275488072,-0.248208686501285,0
1.101421551135539,0.2209083489078092,1.541103527753029,-0.2868994065619417,-0.316269359357296,-0.1597248091500531,0.5539061048482995,-0.0253090830880446,0
1.311351506158238,0.6335334266319002,1.0960802428330292,0.0873112026144397,-0.9247250948704808,-0.5303878258513647,0.0137608035611981,-0.3391198924510146,0
0.2932538778833073,-0.9516793245644334,0.4108383387112802,-1.0930686792117783,-1.310104426639416,0.6140623661936099,-0.9244393073822424,-0.7234964872914573,0
-0.2299730177994325,-1.6059503187224422,0.6012434561617007,-1.2388079787530288,0.3324598619590836,0.4633264019600449,-0.1904122148452773,-0.1008773548810341,0
1.067053710672135,-3.397143548223186,0.2207895850342827,-2.7487798350930466,-0.0650458898143198,1.2638423204129396,0.186441395780631,-0.1379577178233684,0
3.796384704903371,1.8695454974249388,2.1022073603644444,-0.1116696553556024,0.0381955747030701,-0.9864431432516784,-0.8064731351442563,-0.276846787848891,0
-3.453143734112617,-0.3695634421831294,0.0333045400293623,0.5693110219081237,0.1678085160985061,0.281880057526715,-0.1049899589905228,-0.0107765972789052,0
-0.2737393914346471,-0.5369435702122775,-0.0311951339404359,-0.1171726761288871,-0.5462274700231844,0.1421009870520293,-0.1410244655551467,-0.2419702659488632,0
-1.955843150471369,-1.1391788292660692,-0.5962248742663687,0.0370340249615928,-1.4460632579651034,-0.2100925487697669,-0.6687292726137389,0.3828856491234804,0
-1.0693255602019054,-2.765907563494282,-0.7292224057266622,-0.464483157672551,-1.0960233539710276,-0.2256631894156864,-0.1008822467885623,0.6661323909556535,0
-0.06015911049086,-1.9595144196417853,0.8598442617908852,0.2361064324778552,-0.5380273734769112,-0.0506466358187705,0.4347182903486657,-0.0965624394023248,0
-2.208149287204006,-1.3136991994388765,-0.0470257746646655,-0.2408106829133169,0.1537216504277023,-1.3193257031259509,0.2984133343312765,0.0036053020774536,0
0.7231853687931878,0.6410970343685551,-0.9255080118020588,-3.5305961368800496,-0.631797473670777,0.7429891446302548,0.4190063305975112,-0.84396112646929,0
-1.3168082210949226,-1.523907345403607,0.2012876912159671,-1.2094234839957136,-0.9893201199243552,-0.3284130324386837,0.2890048074743032,0.0975570143783346,0
-1.0855894978793426,-0.1906042089386647,-0.0137281966190962,-0.96887357770924,-0.9372399823179745,0.4399191013608004,-0.2208093759738534,-0.0837970015260816,0
-0.3928854273298072,-1.8525641562419215,0.435566392617057,0.5333907069993938,-0.2330219985978091,0.3315288174948183,0.1564339595032043,0.1989730841976668,0
-2.3427853777956313,-0.7152162841498039,0.4434143891434343,0.0082004851825753,-0.2027205840142383,-0.5694280013344144,0.0247791354480584,-0.0678429136922989,0
1.353194248178617,2.193666362267813,1.1163602830438395,-0.6852886314346045,1.7946176600346384,-0.3284719228148643,-0.033671564531787,-0.3351578948015628,0
-0.6594162775007647,-0.3312504141067818,-1.3969570151108588,-0.2095690773615864,-1.1050109440934743,0.3187785601610244,0.1709199891028173,-0.3056954265986826,0
2.388874168042863,1.3165316700822316,1.4729610807818052,-0.5077774944819975,0.6648988536860541,-0.4669027200673665,0.144830028596593,-0.5916817364558141,0
0.90207954056439,-0.0261338201936504,-0.1106393835382833,0.3432546243462737,-0.3069148053835319,0.5395523630138863,0.8404143672212312,-0.527354266817806,0
1.646147418413576,-1.8221543856268112,0.2262320996579563,-0.6541129939836521,-0.7884785787577062,2.4443617571609653,-0.5063064099006501,-1.0341330973203278,0
-2.7035595264063703,-1.3343000359265986,0.3417404914913204,1.5220420943799828,0.8517738266260024,1.631326657166544,-1.0151255421686802,1.2915530889040958,0
1.7994125806780783,-0.6431352104492194,-2.71932836048172,1.2303632218728229,0.0410420643732927,1.9909906354835496,0.0076573778151178,0.7124498756224964,0
-0.1884739460572555,-0.0823036857400551,-1.6998771200774692,-1.1997152936950173,-0.4511049903310002,0.026324260446947,-0.1132029930424926,-0.2912584414853205,0
1.4443844696165196,-0.1503366920171777,-0.5636822550866231,1.918006420747616,0.1913193074663948,0.3683823413814603,-0.3913797541768352,-0.3036425336787997,0
-1.722048420386418,1.1088861475100271,0.3924290043643105,0.8727303218052178,0.914167945694854,0.93187122804156,0.3328822082744538,-0.5290039858645672,0
-2.356637602404833,1.0757312333985465,0.4162862479767757,1.3211770811329142,0.1930333374530385,1.498960845320448,0.2205823120718062,-0.5968295260805587,0
-1.281037339552878,0.1784722650663396,-0.1674525711512015,0.2797358798766429,-0.8333079318497532,0.3952043521941031,-0.3619179422575008,-0.3533868412298558,0
-1.8051846876602045,0.52839348471502,0.2934074196887341,0.4159987029059325,0.0342794592243886,0.8905207464617625,0.0300107908686708,-0.1593083719961601,0
-2.7405300195279128,-1.1315236560910296,0.0336904486296067,-0.6144130592043452,0.3842894429684619,0.2824144068606269,0.0477360694320743,0.1639775851153024,0
-1.0463796114164754,-1.1299989828291128,-1.2373623369436024,0.2111063000674626,-0.6399622096089667,-0.0062813991066301,-0.1290887945801791,0.0905221304816832,0
-2.617883539447416,-0.0440243582268872,-0.6279842857739256,0.1936219435954103,-0.1104171086064258,0.4999355217829094,0.0675739025798634,0.5501074685562803,0
-1.8263521669269225,-0.0906756110129877,0.4423967467210837,0.7449253257074567,1.3554246565233403,1.2437429969511085,-0.6609148609193184,0.6423595987450229,0
-3.95528421904477,0.3503069661282508,0.2366577614357685,0.9712058735554272,0.7080234931495588,0.3711561574451272,-0.6592051586958928,0.3742594900041626,0
-0.7959096815115069,-0.2361699821256537,-0.5800182044464989,0.3279933947441229,1.3729321107220664,1.0166934622212405,-0.1635466467002116,-0.1948605259467749,0
-2.680239728807617,1.0033855517645076,0.5207465895504642,1.523349076255192,-0.2062154702141841,1.899094682444791,0.5126739910752232,-0.1880059903358903,0
-2.1146644923590716,0.4938563885583052,-1.0049070365418833,-0.0657868084753947,0.1742102239936094,1.3084842716690046,0.2318269262890893,0.1806886852531681,0
-1.6913354787988917,1.0935540570349316,-0.1218893874958833,1.916592106539028,-0.3227014447982683,1.4552351808254846,0.662220232277377,0.0999922401239374,0
-0.7964414760389165,0.7031750501670392,-1.0862408190337147,0.9375695059632968,-0.8805671048361553,2.165700656938009,0.6200334253035199,-0.0808118763139914,0
-2.482337365591699,-0.5028239822290711,-0.0949030874379436,-0.5433357411737464,-0.1931343606912542,1.0725938293996955,-0.5101617196859962,-0.4988990983101857,0
-3.357109911282827,0.4491275750612826,0.8006853086983796,1.3087403206511532,0.6964981415181817,1.8903344745207435,-0.96582227182191,0.8325441239891017,0
0.222667543009499,1.9683884892110883,-1.7857714950384211,1.234225390413876,-0.6616265812104359,-0.0585219471399636,0.0473228067815244,-0.7834029738080889,0
-0.2775433643957135,0.8604326683907472,-1.2274705483101496,1.1253168368453577,-1.5992889037845277,0.7366642335523008,0.456401682360868,0.1301458593752032,0
-0.6351655396351714,1.0489915841627195,0.0064369925112878,0.7162852332570786,-0.9911896283620082,1.6569009539454072,-0.3937882940190479,-0.817546381989133,0
-4.853133103021498,1.996306263746447,0.3667293687877429,2.2239609123510906,-1.2302754545052554,1.428437343380197,-0.5345912307877172,0.2085123865888956,0
6.732109451094235,-0.9595920067729764,-0.5319748363249083,3.8971439578376113,0.0317805070557625,-0.0773463103990873,0.4164672456419311,-0.1060671218622804,0
5.6389305168873545,2.377631296766221,0.6133423011858853,-0.4056625955941881,-0.0873392953189887,0.3471667568609016,0.2061291852564944,-0.245364593670159,0
2.3782426980199483,3.464261957260853,1.4256694349844952,-1.7541629119127775,-1.2048489537489646,0.5245028493662027,0.3704909739133998,0.4027552972945268,0
0.6565918035727792,2.8235320529114216,1.4080014397135985,0.3059706528236765,0.0641368939620251,1.0684606023323648,0.4160467815796733,-0.2417676183629497,0
0.1848172857566152,2.325829667063257,-0.3148459820047649,1.5414295769889337,-0.4831867474050882,0.924884050978768,-0.0307401123548309,-0.4320802655160373,0
8.579396476574328,-0.1416016967593228,1.144435418120103,2.0878897811493156,0.1795955852992592,-0.045391088458542,-0.4108134393986858,-0.541403505744627,0
-4.418891628626751,0.5883849948489217,-0.1098385789288048,2.224482445293475,1.507168924441169,0.5663684349172565,-0.7814325371688849,1.1521215660382784,0
