PC1,PC2,PC3,PC4,PC5,PC6,PC7,PC8,diagnosis
6.990335768360313,-1.3368385430056373,0.8964179519915777,-1.391976995142483,1.0109165249756877,-2.4781667853643308,-1.2792987048906157,0.7383460814954391,1
-0.46179400429172346,1.106199641291328,1.008822564571356,-0.07874703462363615,0.2057610788230797,-0.9999824153953025,-0.03503835601729254,0.025620292630400717,1
3.5171894739344225,0.7324305396311005,1.0702419054357264,-0.4430809069524557,0.5114430189439356,-0.14380030835901111,0.019736308213591416,-0.44047301638580744,1
9.691833709746088,-5.754113065533401,-0.1475612361955541,0.9064691625176541,1.3392241310904707,0.13919188398295426,-1.110040570047671,0.45327816068932053,1
1.4953382339681,1.9114598144846748,0.43796396230175366,-1.7395264335097584,-0.6531243251197931,-1.1688846599222071,0.5377649368550503,0.11220449387682972,1
3.7797547006350896,-3.3219591729986147,0.15767825801405821,-0.263133242328429,-0.6376909721183711,-0.48415371201558993,-0.1623282438934455,0.25526904939220796,1
0.36604865072907405,0.15825050997018583,1.2710742893398137,0.30788640122253896,-0.205451166567064,-0.555313017257405,0.5002393603164302,0.02500341113257392,1
2.4864602496558907,-1.6870695761646968,0.6205424400105476,-0.6184738253596838,-0.25858721155702613,1.0394208581380648,-0.9935966397685779,0.003175598814599468,1
4.311115948568493,-2.8486558698957336,0.7933141842584762,0.2655886533951253,0.6164146100962683,0.4812220093485399,0.21479805298848076,-0.4902619457943715,1
8.94594021763933,-3.931414647091125,-1.8289577386740417,3.8970531704950715,-1.723613450059941,-0.7939346615586443,-1.6413219515938253,0.9694132594231356,1
-1.8999655508967093,0.5743612378323346,0.8514642638456434,1.268687767904649,0.02711903537766862,0.06957360609083484,-0.05345867256090043,0.25994918534411965,1
2.112268504822824,-0.8197484749610578,0.04986492652042934,0.8502361522465794,0.28153202326835725,-1.0669155059080517,-0.8166452850715353,0.10621323483843179,1
5.800559914203206,3.3770445011413317,-1.89726332628038,-0.9735935156701531,1.9205806962214051,1.2243924666058856,-1.2627072535180075,-1.474322062346798,1
-0.08679247482700464,1.9753234613158068,-0.41956722117732603,0.2181209699461803,0.9076508586988614,0.739778132121986,0.7207434971135428,-0.6839125326449434,1
5.802654881671716,-2.0729241874379154,-1.0697553441742549,1.888021366442209,-0.9183861205579,-0.2221892624845158,-0.9107680332127831,-0.6803183094103062,1
4.964947262565155,-2.3604037694162248,0.5038235686907064,2.2647204358236617,0.365128910482338,0.7201089566738237,-0.21234346876633375,0.2954700210401671,1
-0.6294298501238719,-0.13619634843433176,0.8556695188152333,0.054836280448442,-0.6342909850932456,0.1021548600097317,0.5512801439766679,0.5780678629173863,1
3.7611909500207066,-1.7805647933414863,1.3454133273273352,-0.11833177153804961,-0.3274616151516005,0.150024842705155,-0.18815981368688578,0.11169612131474828,1
1.2991007398866334,1.5256990321801087,1.540223161276379,0.187848422883277,-1.08514450946507,-0.3452881755435728,0.7614575792533924,0.4868272416413649,1
-0.8160923160064139,-0.7047494734605645,0.06558279574478897,-1.0561832218290113,0.1416084416640428,-0.4454527218769845,0.7446967903892263,-0.16059611444055916,0
-0.48229824268084076,-1.5565451119857074,0.26931514261166023,-0.4760815820032114,0.35133738780139145,-0.4098720055077205,-0.2332996643469474,-0.657070639997256,0
-1.8871927705490135,-0.9118459432924134,-0.8589286462264644,-1.7517658162041876,-0.253675885093912,0.05373051393182555,0.04832022291303303,-0.027966694239743413,0
5.268719874568393,-1.2544362250347152,-0.8032941534782682,-0.5560970938234239,2.2580154439783913,-1.3722370269750381,0.14394657331285993,-0.7788903635830615,1
0.27337647453206365,1.284268788041353,2.188592013507351,0.3040465027903462,-0.23646090356740196,-0.17936055072065152,0.1949496400171046,0.06698731291361504,1
2.6554158453840904,-0.9238614678495239,2.0324796874003397,-0.27822101498522606,-0.38868458681072915,0.25435927458145446,0.182507519427487,0.9542451825626432,1
5.4628949124654245,-0.8615192215904006,1.2007007243117782,-2.5658457682376334,2.6383405349915297,0.2672204500793024,-1.0813080362106458,-0.20791640978176962,1
3.9463267837395772,-2.46626596080731,0.3357213172744137,1.6327908975833905,0.7358905641079211,-0.4886399254693159,-0.5392366365635674,-0.5005312466945208,1
0.8967765874205055,2.3698413036747605,0.485555432191212,-0.8196421414326469,-0.5781883880614795,-0.0031929917413056506,0.2526542360584628,0.4335749591419688,1
3.558569247195705,-1.2534168611752148,1.1450614013222948,1.7191868924833986,-0.1342879152632565,0.04447958733923053,0.3347607828269851,0.009581145986729132,1
0.2978431257026681,0.8310077039563636,0.1949183560851741,-0.8761754505277912,-0.17389531649330156,-1.0060012124643551,-0.37782690426201465,-0.1086325641327208,1
4.025165116705835,0.49327745662085587,1.5063379634124836,0.5875678029654587,0.38922697638932663,0.17258639130770415,-0.11434704997405416,0.4398386204121328,1
4.2766661084588655,-3.3916772294849107,0.03345618084718459,1.1649451980235839,0.9826223491857714,-0.5697923300866696,-0.4689667796170135,1.2347470829066884,1
3.493491341391747,-0.41309946688306315,1.5497471222890475,-0.1978617141667979,0.2855407917198426,0.6585588817203786,0.8794400952877408,0.1324774097196557,1
3.5694203676861984,-0.16663962829162046,1.305654120966738,2.5786552513187213,-0.26185307857438667,-0.5498082887960708,-0.4712259825735976,0.10429277943317963,1
2.9568841226615197,-2.1248153367153897,0.5258073338481716,1.351567332779428,0.4394998498177793,-1.455119238723368,-0.5059409066185272,0.09790006279875958,1
2.349162093388917,-1.0151621022866462,1.2771129984806353,1.131276187525947,1.2463779248879863,-0.6606152386688243,1.1441846364831598,0.5106077916060222,1
1.8322436246971299,-0.8600344396058335,-0.1278648740193126,1.261304374041406,0.11934922212254151,-0.2063370204509352,0.5546409110178708,0.28008446361148975,1
-3.5729193291608192,1.1111602344068983,-0.3066761655956439,-0.33123001226890114,-0.4159449425086442,0.10900600329286318,0.3786472929860891,-0.5839375472115188,0
-2.2119942684106784,3.7468544888679687,0.9853437608982307,-1.2513465211031234,-0.22376238126297937,1.829568218735584,-0.9986803992702533,0.7322384178151005,1
1.351050644410982,-1.1636244722773819,-0.08660759560370665,0.9900802016072249,-1.4137989775841528,-0.04252934553330416,0.26211958778050864,-0.05625380487751127,1
-2.048184168176748,0.14083798521421537,0.3248678129812717,1.0489949831497307,0.8864162361313666,-0.008830152969021033,0.2088492950972193,-0.10876483286503089,1
1.228971726690877,-2.39485284819453,0.6765581013299579,-0.3678606593750228,-1.546360509595054,1.3041402532488733,0.8141335084045518,0.15877381514092925,1
7.23851818773533,1.7529104493140537,-1.332247795575436,1.3650757734691241,2.4794332307775484,-0.34843827375086706,-1.0807700904419022,-0.02008093808722342,1
1.4308290172335794,-1.7456561063980949,0.6516412014278127,0.5726477272184158,0.2283829743400938,0.003968078587864486,-0.15967143935680242,0.1599829817493316,1
0.32537238055967965,-1.6883132143284212,0.7651011541787364,1.4859302418097975,-0.11457631463592859,-0.15127278545853018,0.35145346913985837,0.1460648410293054,1
4.177939691597214,-0.25385367280487814,0.6839438066076176,-0.08528260635589634,-0.3693682775943604,-1.2019784506457236,0.7745936439539115,0.21489114460227177,1
-2.5240310895566145,-1.3026942191444328,-0.6102017488375371,0.054449246483488596,0.6215997811388007,0.18816235872993478,0.08058170969867937,0.3622768217139164,0
2.6454243867093292,-2.8690021608230576,0.5120539906849375,0.17083780767985457,-0.18947515832425765,0.04044243336928552,0.397036279691975,0.3830259141766521,1
-0.9389244445257544,-1.3070475894987899,0.11711011891672528,-0.4668411531215344,-0.9237968143379742,-0.5918494235634462,0.3151944683919785,0.3809292138480491,0
-1.4715501578058259,0.3832448333466036,0.1433630152130436,0.5523100889054461,0.6328472388922906,0.46916151319442273,0.5380007247115689,-0.44821309595593073,0
-3.0987884972325954,0.7808923061980015,0.2015045570109584,0.327346023002599,-0.08219155042961555,0.6119989962261794,-0.1294090552968483,0.28138911439188025,0
-3.0258066443084726,0.4754583867332302,-0.47562165474102597,0.6326907760828284,-0.6201747004787782,-0.9673623236778237,-0.24081171326204887,-0.05904773437442632,0
-2.6609301914208654,-0.2443761500096728,-0.06666585024585288,0.054257420240657904,0.8961461027438745,0.08769243282661453,0.14617117418507292,0.07303992416655973,0
1.5000443128513374,0.5946579169837408,1.5456791030102814,-1.298491140159177,0.4791195975556224,-0.12582409012856116,-0.6945654628640419,0.04424456336670057,1
-1.2509054307049188,0.11803101345859807,0.7537276696527191,0.7184600948996179,-0.5898034222754841,0.20703130689769858,0.49563929779165583,0.0627234398078622,1
-1.9977301657670485,-0.7547648896692735,0.44782801949975526,-0.4362556864931769,1.1057673804445582,0.48576110692629904,0.3876078669967916,0.23029640430560236,0
2.001197034370648,0.028493397233458072,1.6151312913319886,-0.6434875504881125,-0.00931499010662059,-0.4867367120850575,0.37201805807174426,0.2724463105294275,1
2.165242923896831,-1.257866380291064,0.5386212212478476,0.4790823168203052,0.3336939872116342,0.18591717824052378,-0.4697353520609312,-0.2056946781503129,1
-3.530501529748022,0.5568303858835101,0.5409013575451087,0.002006026839052553,0.9369788750096982,0.19014689123797218,-0.475259439935632,0.13174633495651092,0
-1.8482865457686721,-2.756483104807534,-0.3465622061100527,-0.8583318609989374,-0.666045320879897,-0.3296466021506154,0.5660820866377937,1.1034825986077117,0
-0.7980608861561831,-2.299716712475428,0.7747357691142742,-2.2874678791160936,2.767169274427134,0.9413739931995688,-0.6468541524578593,0.13583635421507548,0
-0.3893919438806379,-1.756331655158605,-0.006882047621056969,-1.1156664521736956,-0.6849235414957443,2.014422930773726,0.07966560890308785,0.20609960569829952,0
5.111214171108914,0.22399556396132494,-1.0871997659553192,0.6929471183322446,-1.0964687225664198,0.14646129421466014,-0.9250825118802654,0.23977568039502012,1
-0.5809808983774698,-0.178098122465792,-1.9984466982126459,-0.8089212649468386,2.743684736472777,-0.2246448389888082,-0.7385718032247517,0.21609725594038287,0
2.1508204507008517,-1.746879080042786,0.7453312640932911,0.4843198899429029,-0.9264555895638786,1.167422311192654,0.29639105167341884,0.4061955764320519,1
1.676974180732953,-1.1849729596740561,1.2243559163356894,0.0866169342924428,-0.4802290337851022,1.0634717955515154,0.30388722420882325,-0.5126059365055831,1
-1.1960781020941247,-1.6068403147630486,-0.08276525978135296,-0.01976289960440233,-0.6957783744847358,1.3134304842037006,-0.013699050806970736,0.30553348503583777,0
-2.794583310204927,0.333933696211938,-0.206250801193704,0.1714608995416386,-0.40981346064821034,0.19967376492766462,0.565037814971793,0.39267401680847414,0
8.353322605728453,0.9493426834929667,-6.814559101832465,-0.09455159385983813,0.8660534794935869,-0.15687928117402022,4.563881993322922,2.8246167333972383,0
-2.676008047533167,-0.10986180173026845,0.24621584506098604,-0.8250988601605661,-0.5974035357412778,0.024840371180878826,0.6349557501558013,-0.09415892456630073,0
-0.36201402564000884,2.1959268318446963,1.3098706592633511,-0.09932344778935819,-0.2707404097527441,-0.3074225794222637,-0.08946978565065143,0.12181145977805333,1
1.4238757243583489,0.2754690022206443,-3.5228617992615567,-1.1032752534830017,-0.16462155594873154,0.49715893379062615,-2.504219476401544,-0.12385178230613576,0
4.80089894268832,-0.8230572028035571,0.18390779789418854,2.0992000398754183,-1.0165468672789095,-0.2970953750347277,-1.4523176609491308,0.17003082625650992,1
0.02685299568768795,-1.0155882475938514,-0.11650483451854703,0.11730348915310687,-1.2119387735944565,-0.7961755879836078,-0.6620500984289135,-0.18095854741834075,1
-1.9343112214627576,-0.2518292066947401,-0.32329208177558144,-0.12329835588762078,0.0523458973557385,-0.33700005106761494,-0.11686624161186734,-0.08555034363781101,0
0.104990406072887,1.3301937260354033,0.6761450138744606,-0.9451637183267375,-0.1409973038397894,0.3447445870151121,0.558143530189211,0.4550703024827863,1
-0.17788797975763904,-1.7679910484273338,0.6273098779747235,-3.1744523320604388,0.5574992125581757,0.13767090683193142,-0.4933890853875639,-0.7252667336219051,0
4.67486003820121,0.08378854600018364,0.0915444768243569,-0.8546639030282451,0.6089066185859067,-0.8532507540458522,-1.7262135423983824,0.09311721054304871,1
9.862422415400165,-0.17841297009343085,0.8391983793584367,-0.8160149127598446,2.8588659989121323,0.24653456753268976,0.5121535707890778,-0.7063828209826972,1
-1.2555462763492398,-0.5711797303922321,0.07999344956255199,-0.12275205037808137,-0.23420768293260177,-0.0282930827038725,-0.046678116348248165,-0.19877051722121564,0
-0.5884542779739015,-1.3362064044684105,0.3985557231184968,-0.3331626549216345,-0.6692097674853166,1.1729080536016057,0.106214773654548,0.29827385483909213,0
2.31541667920618,-1.62170600395676,-0.4555751524545085,0.032146037958998314,-0.21780050156022196,-0.7901145244765708,-0.005957051517414526,-0.23912210455541577,0
6.04105854045531,2.573870385518571,1.212556760390897,0.5564759961928062,-1.8412526906768254,-0.6455756860692646,-0.8317790858292361,-0.9512729112090987,1
2.428438288640041,1.4470719273440669,0.4895328827770941,-0.15270644256377675,-1.6869862123406094,1.2943273134164817,-0.9538270326654185,-1.6000206079098473,1
-0.9347494729575495,-1.5752991938966998,0.11522449673875282,-0.4361835479140448,1.0142853972571833,-0.24589261833222037,0.3043969165906539,0.12516886518992573,0
1.192645621027661,0.09975656338570543,1.462722025888855,-0.7050210254050959,1.234627250629191,-0.38094874342443535,0.3351240244176423,0.4403779814533442,1
0.6492565509119832,0.7968716936237452,-0.2534404341618514,-0.4082238213050025,0.98871374337925,0.667149735600462,0.937628867137065,-0.2423785562339822,1
1.8227963030619823,0.5229820865163727,1.3270418544624238,1.5208140790692444,1.186294548883672,-0.4743124039240133,0.6686990252175181,0.352228844909379,1
-0.2632759541425658,-0.3297187988665505,-0.3885513929610179,0.6723620932264468,0.49527630669388834,0.5782757487211367,-0.1400803134233569,-0.032967771465611986,0
1.5066445381728162,-0.2607611586026402,-0.5114717914719402,-1.466541739235973,0.6747835260683511,-0.16201338843552915,-0.48820222434436567,-0.5038962226041648,0
-1.8218884509213553,0.8145778056742233,0.549593292459374,0.6877426867213787,0.1250650862804087,0.7511414907794131,-0.4145750929377475,-0.44726916541779127,0
-0.14039576763854777,1.3566705499435725,-0.23367672400307749,0.12744218691729436,-0.14165881892215176,0.5618819458354036,0.8909008594822998,-0.6473189380270652,1
-3.3234900420721116,1.5192048362145225,-0.4941640261072507,-0.19003963505450094,-0.3690536006896662,-1.0516776296010286,-0.13613305602398068,0.14354398412113745,0
-1.6099464534827221,-0.1915678261842314,0.3955231307361168,-0.5233154192107639,-0.4626626342358626,0.19195005873445162,0.3539159732224251,-0.3046303432051753,0
2.448137660678749,0.3131214799760101,-0.1457396723869004,-0.19978239073861917,-0.7327156814382366,-0.04972876789197752,0.469076047782742,-0.37198884607462906,1
2.0458968379396247,1.2818132064966692,1.1728877238980662,0.6485379203805276,1.5931684248791063,-0.4224427866035588,-0.19977221076599733,0.13604304148496285,1
-1.9178323799693415,0.1428679998013445,-0.09818466871653127,-1.3763282664471816,0.09465255398013818,0.8123173363095875,-0.24268632462189824,-0.6080792695538203,0
-2.8659208334574995,-0.4941742849245592,-0.1629321426516531,-0.03627078544505009,-1.8179569521658534,0.9412610396599275,-0.777518749630864,0.507084181101121,0
-1.7404043236474585,-1.2165637417937967,-0.3357065866967294,-0.32912766795719023,-0.6166033555482683,-0.954773914324703,0.021119351526086485,0.505659761789669,0
0.6287195714522095,-0.2998598430556573,-0.27886792691468254,0.14905401321628253,-0.3911190725895122,0.14753361899891698,0.03599954253984886,-0.35551761339298416,1
-0.8163163287246175,0.7617502763480807,0.6126714272207661,0.7845213244303139,-0.41660213241362165,0.8341469525806615,0.39491421650294906,0.245030605359935,1
-2.0283503202907704,-3.4314987242920294,0.21244022743366187,-1.3395824676920267,-0.47453359512541887,0.5562271188055339,-0.6805688927793409,0.6593915506587229,0
-2.998810802388586,0.10769818238780238,0.13880571019155186,0.585809808647893,0.6396483788133951,0.24350234103418109,0.36639378070981526,0.02719897324510866,0
-0.3633184974246839,-1.3146667075593728,-0.4818570544595878,-0.22613746564897316,-0.4267333884290794,0.8762493019890201,0.36723081958743803,-0.0626016920898899,0
-1.159889291498034,-0.7472627562936581,-0.22347971184194024,-0.7648101064291543,1.275145439808757,1.0435995038282129,-0.33819691286595505,-0.08927563466378721,0
4.286613428353396,-2.8253819618879437,-0.1445719579953089,-0.8853949983494793,-2.277220990740321,-0.20462187088563322,0.10300030035896385,0.6020822767465679,1
0.4791230368003524,-1.4617960342492606,-0.04188170410134679,-0.7660684879821112,-1.1712148159641933,0.7356254934406259,0.4020567797856994,0.04484502779420252,0
-2.3645908409279617,-0.4586219127167448,0.053343184457690096,0.8005885530692317,0.20124226492695654,-0.46198911907904805,0.32748814140454224,-0.13761353539539414,0
9.821812704237741,1.2229498835244517,0.5699098587846579,-1.4197511519447845,0.6271845189185832,-0.7449924984479477,-0.04558617985536507,-0.001429667204545046,1
-1.0920348160930886,-1.0771484602060788,0.1513105199198076,1.0739060078221494,-1.3191407677381841,0.3869400466751724,0.7054022738143387,0.9460377878573641,0
-1.07898335486599,-0.7478053465159584,-0.6514381255049618,-0.7346899728209854,-1.0583366988377472,0.5585244802209762,-0.35875823965552056,0.5020964622476297,0
0.545060004390091,1.028207046299655,-1.498047830319754,-0.5745898130913917,-0.6769419877310847,0.9835864832477336,0.04258694984347851,-0.7426441161706232,0
4.149186887172727,2.9748379204349984,-4.135496555482172,1.180048653941155,-0.1296041821627948,-1.1226113770629427,0.08168576034365853,-0.1836714829087682,0
0.2356951812594925,-0.32410378927994404,-1.166807995795667,-0.9021716294562343,-0.38562015649051723,1.3894793217309471,-0.5490736486323872,-0.5271406365304306,0
-0.22812880845386863,-2.502282326983883,-0.7189278046102654,-0.6385720669655659,-1.549041658827348,0.5098940864532377,0.355811889140721,0.5795632583826661,0
-1.0842670314518836,-0.644751239801486,0.06187786716792219,0.3257689847638574,-0.9321847884008826,0.9045174891202048,-0.3012288778323762,0.13936271050990312,0
-0.0862119282192298,1.8481284174904113,-3.946343934231725,-1.1110741062216587,-1.6360216440492217,0.5083820657208928,-0.2214676213125039,-0.30441266252886146,0
3.178378978956934,-2.293282340022772,0.9098611883964057,-0.5911877131907934,-0.5174916478772565,-0.3309421695067234,0.22453058785171365,0.09448838659149758,1
4.817359752572732,-1.2922208755647098,0.40393258958186834,0.6609907142429566,-1.1413436645792183,0.31016757606487266,0.20207349833553695,0.6625061921261352,1
-0.5893849544563984,0.17066488602715824,1.7506716305292702,0.21800216178163603,3.504836071449225,-0.674816195951732,1.0558561166887763,0.4265321028980724,1
-1.5399896892673022,-1.938569518535976,-0.32544905299657995,-0.5420475961446938,-0.5991845754467088,-1.235173591141216,0.2825665988169532,0.3992541066625015,0
1.2865095589639581,0.5089967679887972,1.1165924474355926,-1.29215509649894,-0.17253499885683277,-0.34440655578480156,0.2611983290007531,0.2540575083444884,1
8.890441650601709,2.4235970597377965,1.0095490338752213,-3.2735406594670375,0.49125012470049634,0.4749017847755776,-0.6595080811525066,0.2785474201977358,1
-0.4280631985338708,-0.8292818900322045,0.013303604181633387,-1.7083284771783713,-0.17739000677076863,-1.1453602889345826,0.40277084260305046,-0.34106282221053347,0
-1.6714179377142486,1.433727820486989,-1.8134991366047823,0.9434024324217865,-0.5772152713179789,-1.2570482759342925,0.13518620286543848,-0.06832041864203683,0
-2.898692437960381,0.02447677695053832,0.22921064285237536,0.07199204814184187,-0.23314573934253574,-0.4099151224197036,-0.13297180245031825,-0.18980010041757842,0
-0.4712651746899064,-0.8649693987873133,1.0090680595581374,1.5121304597537693,0.1626984346816689,0.5028604131923052,0.8711939399713307,0.19251930182125393,1
-0.2121250162508359,2.1223149789537925,0.4290434779812221,-0.17439826097561578,1.3129446745965399,-0.7642381204075153,0.030724092665439098,0.0752124714416985,1
1.5927850460496045,0.25028413319090653,-0.44406609310931217,-1.8971324423647282,-0.28857186526658063,0.33557937443595326,-0.4310481346972609,-1.571576875113087,0
2.9709947676982713,0.8844533235778321,1.2795772545523647,0.9219110451809414,0.8722343483682431,-0.17068342605934927,0.5031974437709437,-0.531392701562147,1
-0.6634536975311819,-2.1724238623211725,-0.062072953991988124,-0.7311773982853804,0.22909002201010178,-0.5442888704111294,-0.4306995560160313,-0.18708064071996347,0
0.8387325953725856,-0.35799336724105646,1.118062000859738,-0.6303401187505505,-0.5114931315974066,0.14380991049325378,0.5880306447466862,0.01822413164388324,1
0.7947840114523098,-0.5065829860582636,1.317694636541863,0.09129184683223182,1.069242065687731,0.18722300176416837,0.20536373259051077,-0.3754262943462629,1
-1.1573956445910292,0.13642082990488685,0.19416719340470404,-0.9762487320290016,0.19891869504037502,-0.9403263673800561,0.1568192991007426,-0.6300384144542648,0
0.26701180765190424,0.6618984599203839,1.6053914712740436,0.42069212849379806,-0.2860474363461007,-0.2577549843324787,0.694915785250884,0.5336655868588029,1
-1.5535707172712594,-0.28528488583779416,0.2714149565684455,0.7631766269299475,-0.5036283080025183,0.634990579228048,0.7018177167008812,0.35095922292847126,1
-2.2797685679044077,0.6875032474688384,-0.46876159090427355,-1.2106365916481263,-1.8774603126303007,0.4043811800720684,-0.041996494360576724,0.21610147380161937,0
-2.1892545614343852,-0.5284409107568329,-0.30070999343683036,-0.5674589642309709,0.10368532945220371,-0.2888712265436607,0.16841007168878747,-0.3809934619015439,0
2.7298508014962617,1.695858310916646,0.33046813912785755,-2.824117542074273,0.5984429791008833,0.7289840732646583,0.13101343390730452,1.1843368696313818,1
-0.6676713170697514,-0.15349390973045612,-0.9794463531262544,-2.4544395247488886,-0.9492959917082869,0.49389822983136483,-0.3118378146071439,-1.1242739274522175,0
-3.235159063097929,-2.0367559361905543,0.08219537427460408,-0.7149751047962588,0.850470182333958,-0.6659404287615088,-0.3886913330211283,0.6133446970606332,0
0.1787957018342408,0.5999008431073117,0.729937529791071,-0.6463475258126627,0.07426391830899369,-0.2765370513437707,-0.29871176093086593,0.45582059665149205,1
-1.4637737504086221,-1.0312535193266161,0.07596387124906151,-0.7980027059700461,-0.9163435288969355,0.4962943376125548,-0.2796992086981088,-0.24511827887213344,0
-1.0894512832517478,-1.1138122876029513,0.11572576249507742,0.3636895012284959,0.6969657876425727,-0.8963897703656479,0.14250533771216894,0.040972060456416326,0
-3.370249774452863,0.42726690815559315,-0.9112612496636713,0.13368650108277286,-0.3385258927096822,-0.7738034288924308,-0.20393315355916117,0.3527262036039334,0
0.5063351740160885,-1.4683518377568991,-0.8854339920674095,-1.345844167645709,-0.34271704253144486,0.33622687771544646,-1.4541147131485104,-0.2586219278690159,0
3.9479498412466167,-2.895085180294894,-0.18161586020337897,-0.33081611261428984,3.747499274877755,-0.40677533333368976,0.586606018639309,-0.16628649678313437,1
0.2539576291305344,1.3266297098813686,-1.5405894018639148,0.5154721690061262,0.6621242670655839,-0.5132556474907098,-0.7226358602999411,-0.1576310201617412,0
-0.2482238790798606,-0.06077668404954567,-0.415620732624454,-0.612394377042705,-0.4513889774956574,-0.7036732313048276,0.45127316723740757,-0.6021987990977419,0
-2.8252067532230636,0.876885767488538,-0.341976168348903,0.7095567955615477,-0.0989048086214119,-0.7837375509447947,-0.2591457120557563,-0.13744508522700666,0
-0.6632127858787832,-0.9458217453215352,1.086558161280644,-1.615749815145529,2.05963128570393,1.627236654773454,0.33313192160986227,-0.5331652534792546,0
3.170605422662488,-2.543269531629184,-2.3980036542661423,1.5563741177742374,0.018362720474694613,0.5467745464675858,-0.6094271698162375,1.2628651762540481,0
9.891581711071904,3.877299335281089,-9.089778664979647,-3.2486471758663797,1.6256902358694356,1.3057906482950516,4.353241212965533,3.2491658564841903,0
-2.4861511500056444,-1.1282658123487042,-0.00423297144560219,-1.2780486876127588,0.2948714296080674,-0.277316908328502,0.3961953436777351,0.06904165635065175,0
-0.07277832008986147,-1.3886550569572496,0.07798557058871546,-0.04128824776347839,0.5864932814959419,-0.8147281382343512,0.7464968011408131,0.5482242531634518,0
-1.4995516337346277,-0.7368301863538456,-0.13142566870578273,0.2331318037177127,1.0304348435144528,-0.14052048865911146,0.12017709222889951,0.07482635211633284,0
2.6937877985105865,1.5460887612829421,0.2794821614626605,-1.1605944680882208,-0.4729631557435051,0.4507066075680758,-0.4835907394594331,-0.4076136927096586,1
-1.7455504825945753,2.1183708252471334,-0.1268472489691807,0.2398483573302531,1.3370359582685896,-0.5376908281080787,-0.22447878995545223,-0.36405319705740247,0
-2.7748807316055024,-0.8579969831752823,-0.22594272934905252,-0.6474820833606717,-0.5327134007412128,-0.8180621540648274,-0.042935691396420034,0.10468057000560207,0
-3.822348515381754,-0.4800828096273126,-0.266483376104507,0.03274470823478193,-0.023025140362844105,-1.1302056203425108,-0.34003455639000546,0.8085982177632443,0
0.17001709573881035,-0.5631675034961542,0.08551742826237554,-0.7732977809115268,0.5226584897171301,0.9614423518930755,0.03800906777485165,0.2564463344015137,0
0.5996175108799895,3.3138456100123213,-0.016202056268287114,-1.9059288171441087,0.3536253491724533,-0.5860833017359954,-0.19642984926071513,-0.11889235338174123,1
3.4837763707677993,0.1731497908576662,1.6088255377144252,-0.3251579422954328,0.1506136596143909,-1.2791318550774917,0.5167271810862867,0.3003205180722582,1
-0.5274117562169263,-0.12576410315619,-0.4828925978243928,0.3112105596017346,-1.448065046050305,1.0142612703996285,-0.3072733228212747,-0.11974831817934735,0
1.5761229167383686,1.587776168487949,1.4274412688749702,1.013033866228375,0.7540266954765966,-1.1218374767774948,0.034212764244058246,-0.10937983977064301,1
-3.18357614975327,0.6993389704965459,0.46032928194705997,0.49737339400518477,0.18738069964521142,-0.2781380049525182,0.34412072144848255,-0.46797025439159773,0
-2.9977953686591454,-1.0744940843887991,-0.5209647775974935,-1.1245446073274599,-1.7278745304569632,-1.133925671069452,0.038759991007145785,0.344992991861348,0
-0.2842903807051444,1.2894593228260622,0.32714958261290916,-0.48210922203466683,0.7322580677892792,-0.22626391515964642,-0.11273921435872246,-0.1728521796160086,1
2.5636538420889,2.3566400352372847,0.8394859208297284,0.14189255111063787,-1.749608020093124,0.38819837552169023,-0.8857045668708865,0.8285751423100449,1
-2.0968662373858415,0.08446589374245274,0.5160989064835071,-0.7723622250927248,-0.06736408083498462,-0.10234864768886416,-0.06951409629914213,-0.7994290464356988,0
-1.582934802574516,-1.0228763166416786,-0.02813735781878427,-1.7620401898744154,0.31572044642531355,-0.3026729524901466,0.5453073295433472,-0.3507769901622354,0
-1.3723811561239414,0.09909254441499821,0.596194572650207,0.09489588132976112,-0.3239643833107865,0.06486350384228458,0.5438044083053445,0.7304240912149529,1
2.7045080686841123,-1.4068613569996988,0.27864304819051544,-1.4337151635841052,-0.8459514633753231,-1.3902892350991618,0.48564814527807104,-0.015883244381206887,1
-2.488204308593398,0.15983879273108983,-1.0573693814369791,-1.4086589129804565,-0.9977282460367706,0.28601511139218583,-0.09087269722755338,-0.6295761180433174,0
-3.5769796631620334,-0.6552430949017439,0.33008354633112913,-0.5931770193811952,1.17089442320899,-0.22243428953362382,-0.5349714985130175,0.2928024084055699,0
-3.6343611790054338,-1.35597155577963,-0.18794926418875876,-0.35912070658148343,0.1843151801865336,-0.20677326235440596,-0.623474896645845,0.5503545683224237,0
2.794264859269504,0.9309752563819114,-4.393053757588473,-0.26808367976143405,-0.6630196940385733,0.6660260432797991,-0.5166631481079076,0.6159047973826041,0
2.7168585166647925,0.32165226123031126,-0.5820047125397798,0.7377543354565136,-0.5655574122515261,-0.6721042681699708,0.4759430537093974,-0.6129456072286669,1
-4.95499300801718,1.46231434666919,0.11544606676824463,1.6375298763446238,0.5657013167158134,-0.18352667025758973,-0.021968219647964925,0.03433695953781608,0
-3.6978933803803553,0.31668132183311265,-0.29160937862164793,-0.8755506698616795,-0.9969811242299838,-0.7037747208579151,-0.28963053039106007,0.12435271698605144,0
3.456449030313967,2.102785914373228,2.955473449973815,-0.09072229515623485,-0.9885620859927328,-1.3257034743794607,0.22323534026862654,-0.6425982143599256,1
6.770025485520862,-0.6599711790193227,1.4730606121625882,1.6910091111928705,0.6179492443346559,-0.31973370803379253,-1.2476509691554378,-1.1343568732496483,1
0.014951249269733864,-0.4641641592631117,0.6826974806902284,0.8323191818691512,-0.21742137283808588,-0.3957032512192446,0.13835615318853994,0.11427284403258305,1
-1.642979030251334,1.5951198744018136,-2.2871497990506584,-0.6600416139747664,-1.6737061348441598,-0.37212827862815717,0.022213336529439486,0.04781579091631476,0
-0.283390867317265,-0.7128441345435729,0.6080490677953563,1.6974510579420323,-0.1093348916423911,-0.31852948492055333,-0.014653621083816423,-0.07305255103265053,1
-2.6696663410332206,-1.5304060532984387,0.5142979274513271,-0.6647259416773859,-0.15504140921689438,0.08076326886811228,-0.3542009110325665,1.08354045481422,0
-1.0999728177161845,0.34065093613103015,1.1649494349203857,0.8428690404815061,0.18545573285919925,-1.3255562104845438,0.7793735728792126,-0.2841262833509663,1
-2.167196651633621,-0.2003399104738888,-0.13635845666678628,-0.5709408197044976,-0.7233764607183538,0.1497556654126787,0.6468302153116217,0.021122272214664593,0
-2.2775792052673633,-1.098514697402221,0.45702262475776806,-0.48439646091338706,0.2527826612478361,0.19492270430334183,0.7348440822980957,0.05581333194849909,0
-2.5139787364762576,0.3879565760682443,-0.5655183637101605,0.018681063647768743,0.31546720524493865,-0.6626919718159419,-0.1073484607270681,-0.17457396742721534,0
8.822583142988325,-1.864120973347726,-3.350508711164352,2.729396362895202,1.615051385324243,-0.4474416787841161,-1.4319278511121714,-0.3541935175274974,1
-2.0192598003433835,2.0846906923410478,-0.23556024135951686,-0.6637141156396719,0.44997988356425717,0.9628709071655738,-0.7144196030071506,0.17667779389688298,0
-4.91421613470746,1.0019126442003263,-0.4488908085476442,0.5694232078106074,0.8427738289144189,-0.19870493050503818,-1.073982881267779,0.46755898494377734,0
2.711583404717891,-1.504612258466813,0.03263079434433974,1.5316010329791074,-0.8909197809973739,1.4574911813834268,-0.34454128330204675,0.4683732422005876,1
2.75001252226493,0.6158595398529747,-0.8873655979128665,0.7585843179800628,-0.5411322151877122,0.2221222744341947,0.007062372269627916,-1.291274890995411,1
-2.2012210706483013,-0.017174896608376386,-0.3932784116837684,0.1779691158736402,1.1231046427976998,-0.6768196382793878,0.37182171147197535,-0.029444169711602027,0
2.4729243577029747,-0.3905215774167484,0.28790446236016703,-0.8393344335078746,-1.0794831089409969,1.3303280073293473,0.494319335917787,0.27951215823419884,1
-0.2555525568324193,3.3078166218029237,-0.944703667540513,0.4479713717886287,1.022004778740583,-0.21558001062937765,-0.4133583115467314,-0.10648980501927026,1
1.6595255706614878,0.6209640781070402,0.5514313361607552,1.7085536540747244,0.008848396774148656,-0.8690328414397543,-0.5960122144113991,-0.6203954278690632,1
1.6263385123390628,-2.4000516863130685,1.1068821626395973,1.485317139104325,1.0185667387195756,-0.7989785449915024,0.8133845022084479,0.3629634887920687,1
-0.950080102283268,-0.6684415909837953,0.21519719296457634,-0.38319425984049826,0.14129291848421516,0.7389544854827732,-0.15316704609235127,-0.07950703398751732,0
0.28343724926846164,0.7288366391392551,0.4160947753496912,0.5954619274785007,-0.7403837038396445,-0.848924840703933,0.2795976663331505,-0.3200453767227105,1
6.086858444259971,2.0197930572515825,0.6584038449491263,0.1265975227508873,-0.07478260221733327,0.26689274101904165,1.6552071365362264,-1.0964867567627248,1
4.665573056607149,-3.341030623469692,1.934509513958616,-0.19071446353188992,-0.44346273582426005,1.4120433918760573,0.46415661329352603,0.4791410628808015,1
-0.035289022764339185,-0.8255915429312476,0.1743283453616521,-0.24223961232327876,0.08272401005187373,0.20487826554479105,0.020517296065960748,0.24133995945897901,0
-0.07990193993789879,-1.0487406152035708,0.2891137917013659,0.8588947064582859,-0.46642028059860907,-1.186365796406955,0.1659594141968956,0.40670299284718797,1
-1.7960591763379958,-1.7309965591700505,0.2846896265573033,-0.9927640470893782,0.22418926594913624,0.7919682668274547,0.13340517728857396,-0.14787461576757427,0
-0.9346350724123021,0.9422862244852187,1.1109495008772032,-0.24167291358229023,1.6882369741267456,-0.07856349383756593,0.18694978546314606,0.029833529809948568,1
1.3713125749744328,-1.7602959543837386,0.12911267093452725,1.6907577323079732,0.6083939984281824,-0.06545662640228901,-0.39399155681576853,-0.24289583841532283,0
-2.228444362845807,0.3907810986089016,-0.2393385794603516,0.18158608929704745,-1.0690031062325087,-1.8673505496331917,0.32837712779605327,0.06956666562298475,0
1.866988021705101,3.3826758061012874,0.3872941764287206,-0.6911494255419786,0.5219343584698892,-0.04755149541629805,0.6141886346152505,-0.5560224754384928,1
-2.101539545916277,-0.27024533773133885,-0.30225023368837434,0.48943582984235035,-0.5934750900398126,0.0193853644546168,-0.04931633158797308,0.1595005855383794,0
3.082500929453878,7.057260060410511,4.2569454163635285,-4.025426467861553,-0.873073805412179,-0.704076610736207,-2.323914255617212,3.656130595927781,1
2.5722686197413918,4.92072217239539,-3.6550329178947814,-1.0294621056220299,-1.7276679702743054,1.9570790174354697,1.362990171652973,-0.8827977487468813,1
2.7311183928083063,-1.4720788821175665,0.3778898712589568,1.0712979017456812,1.9216421290587486,0.5633539895199996,0.2904354085352945,0.22054614097853156,1
2.2131216065406756,-1.5829057568790035,-0.4749740806803556,0.23165327703855174,0.4793567394134178,-0.616168949191031,-0.0875695057374222,-0.3459828476559178,1
0.9525623965641469,-0.4237025391773006,-1.3444999518568506,-0.1946461132854607,0.7657321708714067,0.29452441840518523,0.3902181937206242,-0.11961747644352473,0
-1.3938126827226802,0.5240818466737928,-1.6914832046437105,-0.016066639558276693,1.5711423284265198,0.0040182338002992925,-0.0502109833045868,0.5675668043722145,0
1.9490546447223547,1.547256952401883,1.2818727802478835,-0.41625925059929925,0.8033164520296269,-0.004004808288674498,-0.5070355884836845,0.30178030878525847,1
0.8064821789412269,2.2757993948258433,1.823392587230426,2.448273898965798,-0.9636255115949874,0.9590677273887186,-0.01880612284649187,0.2663230927341868,1
-1.8004722153758557,-0.5577123770601419,-0.3343346721395685,-0.16228198820385153,-1.535012262408157,-1.2544529606953043,-0.31874254220036663,-0.03108978514061819,0
-0.08380134664143819,-1.2324089252885198,0.030839425092636204,-0.8139543103287095,0.161417045572878,-0.7438070749086867,-0.015473929620566004,-0.3578757279673317,0
-1.437649933086146,-1.8275860746919563,0.15346149569354872,-0.6354854899691891,0.13786566117728788,0.6576847210677059,-0.27630106444362135,0.04395372532182613,0
1.7780579188961618,-1.712494189444925,0.9260380696069724,1.0310292482664207,0.25871280441772276,-0.5207005686210511,0.03707998811921557,0.24195574969779535,1
-2.3332136391297182,0.21784219379478617,-0.16758532471093554,0.09535462322844736,-0.5516905040880647,-0.43480893413992544,0.37331616798587497,0.4099064036874273,0
-0.9809519055419933,-0.12106469815026484,0.5038929304396658,-1.8162774910281225,1.1100894318748096,-0.42656827860658203,0.3640756027722936,0.007145592167922762,0
-2.390666718113132,-1.6419445409052176,0.16964250440258613,-0.8429378609775809,-0.3540750542784932,0.22228631181144057,-0.3526330562614787,-0.09020719115377025,0
-0.0946821173272066,0.0842979828662682,-0.8358882301253214,0.431545289935726,0.6554771445130876,-1.29390000876428,-0.20089963729714194,-0.5099465128066005,0
-0.7104132774218347,0.14511540286762725,-0.5040483805738724,2.2595187397214347,-0.43844000978709524,-0.0017854302264428417,-0.030763433904090677,0.4118329708140681,0
4.033986399920214,-1.9834244999913413,-0.27630912628134924,1.0102049937744162,-0.686809295442838,0.38944758674764934,-0.022868729937364787,0.0320020366564661,1
2.5803711994906906,-1.1151266371593571,1.1134866263376593,-0.4082749583654865,-0.5357702602513456,-0.21418787000519757,0.8378464741631486,-0.7263538944279523,1
-3.0099504403470623,0.4990420028812952,-0.1597051392763688,2.2222506174630117,1.6486072975476802,0.9996136663194789,-0.051746926663458176,-0.08061806287344725,0
-3.117175129769913,0.4974376970071438,0.9004486172533642,2.518593573098448,1.4207348640985396,2.5445635840266205,-0.0338813282692531,0.006710403803592626,0
0.43738387051102906,2.2090202444185363,1.263080310571066,1.6611374806649668,-1.1033481830948542,0.15346608258399555,0.3698715297228594,-0.14052504490272846,1
-2.6216168523187577,-1.0888833078682465,-0.43468420109262373,-0.22177193732301342,-0.5676707765286828,0.10641928176064315,0.35466485461359754,0.7102932314928886,0
-2.3226965631508985,0.35493945417384415,0.27284739927152823,0.2955543170330263,-0.866315476944337,0.540568934104048,-0.1317990831433334,-0.3965063771125646,0
3.4841613640333873,2.319418112798576,2.2071657657692962,0.7008104528756275,-0.10275229180093276,0.04254380599702736,0.008307075236361403,0.422009920293437,1
-0.15991891610845368,2.812325997040103,0.3648329782594978,0.2241525841554175,-0.7546544984648101,-0.39228106419770703,0.1545883249779705,0.06345260677293657,1
-0.9955530977317607,2.1267596477744357,-0.418445229718756,1.9293034949056849,-1.2148400084770192,0.7902964097920099,-0.08824571864774057,-0.25746688001019347,0
1.596905196372855,1.6102052657267758,1.761909817751478,2.6693031186664573,-0.23121436374133636,2.8817948785161063,0.055128381743397854,-0.6302060869474261,1
-1.948110522436368,0.12625215067787668,0.1251211009416287,-0.894314897922694,-0.11725844249887467,-0.29432684426250416,0.4012351146451231,-0.16438894617218736,0
-3.7601126720885603,-0.24973061572768085,-0.09555162113626377,0.2893888694846296,0.543075513065047,-0.9991353948676451,0.2549859067754594,0.09633632363863937,0
3.4678466948588813,-1.0957691840552173,-2.562556239619921,1.354829574218538,0.12726991353262374,-0.6910135248372631,-0.12006971389236651,0.7637896639435588,0
-1.8345787302389824,1.6358819370850202,-0.24629736431853744,0.6988679138429471,1.122430628762811,0.6507900651757305,-0.13079444634440995,-0.10461726366228753,0
2.08606640973148,1.092386443068951,1.1308592763481518,-0.11953674410736204,-0.04584607799698685,0.33844543639039854,0.46362452540581717,-0.7626839354862062,1
-1.3201559766719904,-0.9476846588042942,0.30042158116318135,-0.780875473694441,-0.4443816948364801,1.1966974958017986,0.4712979630176789,0.4347676586853197,0
-2.660868066854943,0.4626592913266161,-0.5892742802593035,1.0369038851239119,0.195543210219508,-0.9882812184085201,0.5178249226179346,0.40301789200113186,0
2.5000725550283716,-0.10309050429021008,-2.8502187263465832,1.4483300263645253,-1.192883561040783,-2.094404570798294,-0.2404788823016742,0.3539647197761925,0
-1.3638720919189706,-1.449278511539194,0.8788703608759046,0.7595218131684925,0.526197532212101,1.6454271951366832,0.3925064362622681,0.33442176049842054,0
-1.37449127101607,-1.03575507243137,-0.12531477225098434,-1.0192685177888892,-0.12111976056097083,-0.03340172555560472,0.2694541671234359,-0.01508025543863526,0
4.120723700598611,2.795193392404121,0.6304717038628262,-0.32566369299717063,1.0823428184867425,-0.16519421814032056,0.8202090183602179,0.6293066561719082,1
-2.321398238074136,-0.05608037125990085,0.2528721599714165,-0.6013873230360878,0.6210769515878454,0.4569918518166299,0.03244022134907796,0.07677363156220768,0
5.423360969842851,0.5775906679355296,-0.1458721334906484,0.7094891615432113,-2.1394906556245954,-1.1045026112410095,-0.2955015865162939,0.6673017276780461,1
0.27987402242337445,-0.22651497467421572,0.8072627711086353,-0.3363316410638311,-0.14768988080482784,-0.7698043737276986,0.7632837879809328,-0.37106827771239326,1
1.4687002870568187,0.11694172140943782,1.509396918289434,-0.0012047320097953364,-0.3351512578626241,-0.7433521972294768,0.4404244769920079,0.22929692259514445,1
0.9269554857468929,-0.7275985088699649,0.28059689926348697,-0.8274040241038171,-0.26594163428308254,-0.06745505192639821,0.18870883744441694,-0.2527291684806411,1
3.3825949600368186,1.8952991272763806,0.8723465613110908,1.6147029693266024,-0.14487898766543214,0.49541731084302343,-1.4826080413085148,-0.40654227073679233,1
5.363668164262255,-1.4580099163158176,0.1998017735771703,-1.8404207858009811,-0.48763803101324105,0.43970337515248664,-0.659032288423226,-0.47517428394012184,1
7.292551492759911,1.7084690696873444,-0.11875997946934014,-1.3638234647034644,0.8338956083279568,0.9202985988893974,-1.169769715231082,0.023144938202058134,1
3.7380879678391015,-1.7115616130890632,1.5465775699196096,2.8372084948125686,-0.7898341799896275,1.8315212537720493,0.3979943052585528,-0.2181463632309216,1
0.9385859297335263,0.4176349098594408,2.2066003587194825,1.2293447144458567,-0.3372615883287254,0.41939191588647223,0.8559067350938367,-0.33528051568321005,1
-2.1598125635750676,1.1466929781409665,1.1671572156075014,0.5897885389250481,-0.30391106575033905,0.2880694433206525,0.21208224501089804,-0.19035436507930054,1
1.6645239257356408,2.1247810267055636,-0.39991317532892634,-0.5103116007294622,1.5635655409637292,0.6239258284163178,-0.9460999189967235,-0.35315770594462753,1
-2.524593845700616,0.683904792639299,0.45589640321711433,1.0164719645567424,0.13964692509091622,-0.8245197532124235,0.32384806505246844,-0.09078616974334369,1
0.23153792457528954,-0.2229344975204466,1.5660392095780975,0.3832775933963909,-0.03712116762383781,0.09825285461139058,0.922761082288065,0.10865478722630809,1
1.1741691265526562,2.2338124424554753,3.042224986016395,1.0449540269788566,-0.15883088098080722,1.2329375435463508,-0.521678545623083,1.1926397140921838,1
-0.18365226482724015,-0.0254534060327956,-0.7741702646753749,-0.4407050470696207,0.6690684785775205,0.5483656685538877,-0.49592294071518545,-0.14425586555444964,0
-1.9240511973700805,1.3104313926865554,-0.48793352081150837,0.7591190769196959,0.3650164501332643,0.21197181529285347,-0.2268277191789092,-0.22304164308949648,0
-1.2230173514566307,-1.060049407263981,0.09431404738428409,-0.2416625695101983,1.4603342300001305,-0.3940304780160591,0.4632766648493241,0.10084041288426951,0
0.865202863110515,0.21567351132084342,-1.875220457966196,-0.4150204851899866,-0.7576379705700571,1.030263143890127,0.1076268947354605,-0.1770236407349436,0
-4.50911381372721,1.033757786831174,-0.10350304743938932,0.8489872957910664,0.762830795713373,-1.147739808200932,0.09606127807469407,-0.1341941199031215,0
-1.8915790549243416,-1.2697971117546538,-0.2466071628894302,-0.9513059362090539,-0.23122508616276205,-0.49231042403778164,0.08700953612651176,-0.05432888875365971,0
3.710293707819429,2.841447070879614,0.7886301089185908,0.19586149005543302,-0.4080875414009858,-1.1416236427464106,-0.9838283165780527,0.6466482509944724,1
-2.1065020150991716,-1.5622631748307327,-0.10558531610290216,-0.932082882414915,0.6960212242722399,0.5328317577983017,0.014517128447089016,0.39264542481825704,0
-1.3284143089747078,1.0106001106758715,1.220920880441325,0.997988221449454,-0.7037827710271942,0.3426424461664682,0.2190092340461672,0.03947807588678445,1
-0.9500072636759284,0.18376877538989786,0.5403447028931798,-2.8771762218502466,-0.18598571580124706,1.515511754167431,0.04387585883052475,-0.3995794736428913,0
-3.154113807206731,-1.1215616318209918,0.36214607134362387,-1.0228793576206228,0.7922819234700912,-0.13833937207931735,-0.034377957363760044,0.05773191196409225,0
-1.5647837232663482,1.619652583727394,0.7841805219606325,-0.1877741253318452,-0.27700819925080317,-0.30017197995252726,1.2433615871844748,-0.5470191753661643,1
-3.522973363674233,0.6893296922889874,0.19178455363217994,0.24112627839504,0.13969764077537877,-0.4536846755920447,0.18484978571314364,0.04940242899109751,0
-1.4066965457110294,-0.5171674414002798,0.1586215644285425,-0.91562265702221,1.2134430143225279,-0.35956995312097206,0.1358228921488801,-0.6109059294507665,0
3.0674012037099714,0.14565934149016424,1.8120510339850129,1.0222817478884705,-0.7946955084720716,0.5165649634216041,0.7297560800935574,0.4685188717324229,1
-2.0337980674459697,0.5400214033464716,-0.5093115830876548,-1.3874438068202668,2.190201592629997,-0.21329847762129023,-0.14072047910810162,0.2568469017341242,0
1.9519120383427346,-0.0037097078489480005,1.330537262262034,-0.2626271918486163,0.10538950852496119,-0.9445271287693191,0.7936432487074262,-0.4876094586258823,1
2.5146871527247634,-0.37264941043743427,-0.14380364770435272,0.5369577027123396,-0.8790463526950033,-0.856810292810621,-0.38217315069801117,-0.7728040638705934,1
-0.7210714528604893,2.2004572057802005,-2.5597859199355835,-0.019541390074877003,-0.5572925148485265,-0.9145380891439169,0.47173387632694025,-0.09799082815209605,0
-3.661319550712481,0.162937293393688,0.3592883045512987,0.1079210230810572,0.5602350826946464,-0.03729333038251651,-0.28470317866079553,-0.005258973208497296,0
-0.07343181119037247,0.7433193106961709,-2.058051788562072,0.8730783206153765,-0.39666391815525215,0.29321857667531515,-0.8502362064923361,-0.28163355142078816,0
-3.813685944414494,0.7636669573001785,-0.9563426675815024,0.4101082576185993,-0.1793987930942612,-1.6452174567426558,-0.025398279258940684,0.14106325932332758,0
1.9008276468884493,2.061298193345927,-3.4598794710813308,-1.5583584959144914,3.2091227113374234,1.692052910452207,-0.33395718576635663,-1.2255631432243612,0
-2.1702899844618084,-0.4375799590324643,-0.035249530632583057,-0.17454865389286653,1.69082916580761,0.4093427859381618,0.19307657364324915,-0.047734279597347,0
2.663962914722525,3.6167652727531987,-3.599332865376423,-0.8820192753524186,0.27579529676771575,0.6675999418113203,-1.797901243791434,-0.15099534424054703,0
-0.4805140421425987,-0.2876835813688215,0.21764495727556976,0.30128518843122787,0.322108519103175,-0.18967824680003845,-0.21279295171529503,-0.49078356730431727,0
-0.4083211083663403,-1.472070470219449,-0.1418329134191918,-0.19135525495987696,-0.21962728437644202,-0.3335411296987294,0.3714715863669097,0.22770909526216893,0
-1.9423547040077977,-0.792051322251336,0.030995149028171718,0.022947105416469483,0.7513562080046386,-0.035665336873560605,0.41530043322720944,0.06939015953018776,0
-2.525816308591658,-0.594682525340508,-0.0147878531971369,-0.9194889626642153,-0.5862083153506065,-0.49461476043663144,-0.09717408241123793,-0.5403876215848102,0
-2.941171840983928,-0.40771220696144905,0.23260703335468455,-0.6932861677930081,0.07931577418399921,-0.9571069783645233,0.0405627161655225,-0.24242337812675793,0
-3.8113856618631616,0.43215928798065845,-1.084168571860469,-0.711602955182166,-0.21862168467866064,-0.9306513057251418,-0.25060534224208414,-0.30170826327881783,0
-2.3442935855945164,1.0099005401337835,0.07584112364784738,-1.3351721573630912,-0.5428296075997321,0.7373582652110912,-0.4902872219396665,0.27748368852232624,1
-2.865014143091143,0.7164349659058452,-0.26278630680903653,1.3465945405420763,0.749121497798327,-1.100116912273147,-0.41724967418616293,0.011781752343719665,0
-2.295345069070374,0.4038044885856114,-0.2063857959410104,-0.3260717475268795,-0.22485591891783568,1.6338842351503367,0.04619783089320045,-0.48045272816518175,0
3.7926029254059785,1.2683106697254058,1.162480329290252,-0.8474681131242721,-1.0269788222433451,-0.6810224906402301,-0.29567548141633293,1.0471321873496702,1
-0.7184564919998021,0.9709093838579167,-1.1969730049081135,0.23175336371268684,0.6399923366523959,0.17365401194604993,-0.2338207097152697,-0.17978104691711008,0
4.413856579973476,1.8584546419294923,0.7594382792940659,-0.6187639314873888,0.8998501240103839,0.480239927125329,-0.34207720710573,0.4926132598002782,1
-2.3162607009536855,-0.7933620322113056,-0.19558336110065486,-0.5341252062566976,-1.509670998487646,0.7943301775551299,0.36471651894159274,-0.11833004023624986,0
-2.244253887984451,0.5017129883259379,-0.7674935610876845,0.23100742974263577,-0.8337870689071831,-0.07140746457772218,-0.5696950463097269,0.10076585668939958,0
-2.3626722183759545,0.4132835036456944,-0.1559477354776946,1.3040309105820118,2.0534361514424053,0.8355751865865922,-0.1908710941829206,-0.16248101704680215,0
-3.179599684883567,-0.6422568838169265,0.16500530762844237,0.2878860344939201,0.07112347328541142,-0.7168694301354434,-0.5625437978537303,0.09134245807170874,0
-3.9373711732740055,-0.7516232217296062,-0.6552646579831604,0.30405797293464837,1.4269788433956903,-0.7321948266296625,-0.3396386362377997,0.6094087789091525,0
-4.578883922452076,0.7450863016733078,-0.19805302009367115,-0.03532930552941437,-0.001231228983526601,-1.5911752607869243,-0.25595206089852274,0.051304039798673505,0
-3.9945948152523307,0.6519868225606174,0.07805533384681201,-0.5674017565181595,-0.3158750036967915,-0.9015091775452617,-0.4675034233441175,0.33177922756379635,0
-2.2847353047238164,-0.9710470721271173,0.31301876071729867,0.1307770028926428,1.455860369509955,0.28217841652915016,0.5244754114245384,-0.07606616363831288,0
-3.680185990435151,0.852187472639494,0.32276849549716335,-0.1737926040052528,0.6752898955056035,-0.8658598489556778,0.09634983752831085,-0.03890579062945432,0
-1.4500884138524006,0.05514233752756059,-1.0265495217048493,-0.40180078204000996,-0.2837282748651193,-0.9775372375587956,-0.37470942497450693,0.14806498526290804,0
-2.6396861398827385,-1.3093009084176375,-0.4267451496906501,-0.4461068851585299,1.275451360432175,-1.4983087897217062,-0.1069531638104981,0.007795162712510831,0
-2.191871991214149,-2.262164641086788,0.6576950243201454,-0.7162174393138361,1.0635265974505395,1.168841711073148,-0.6643855699582095,0.5241088383496024,0
-4.421202906264369,0.5490930740173576,0.05022288868419863,0.11745228347520306,-1.2175802502936393,-0.44956740288230995,0.0701977177315012,-0.03718834667876169,0
-3.9915591792978,0.37938758474577955,-0.32714017147511854,-0.370381684114285,0.5291184449931478,-0.8190444440159703,0.06097117772895569,0.03620838090980412,0
0.41441480089143157,0.21550255094684773,1.0083450060864803,0.015383778492678328,-0.4441815092193709,-0.6288162531576043,0.46187325243744626,-0.2660045797973869,1
3.9475901580751747,0.25171472470008766,-3.162576024712009,-0.6237824805466222,1.236728600802371,0.7307677774631333,-0.339890870996617,-0.1549163989298385,0
-3.9926821523284737,1.789609176748492,-0.6271892960098678,-0.260066062949561,0.12652579800206096,-0.2992094193988858,-0.3432935185326687,-0.13125974408703767,0
0.24341207615759808,-0.6779431422382017,-1.4687166401031364,-0.8753568430566975,-0.749762523397777,0.43326066476454905,-0.6288301796502772,0.05327987256088972,0
-0.7199140779874486,1.990882071083481,1.246511835746214,-0.092165789289394,1.4690808972218101,-0.8242618966881715,0.523589121353842,-0.21606409917621983,1
-1.0097915206450323,-1.2542983058222883,-0.16901738162751564,-1.1968016828001615,-1.7963083631416543,-0.3550440004678562,0.04747695215698056,-0.20601705520271602,0
5.03863976273526,-1.8694657253468623,2.5514924947515407,0.16266467004766652,2.6011029985737246,-0.6163910205598878,0.8262883716187513,-0.1808444885137661,1
-2.3644731017840313,-0.6291120778613984,-0.11720837256904713,0.03535015020021011,-0.170351054081728,-0.6829489597032854,-0.32883971257429045,0.22908344561071275,0
-2.057534629670966,-0.8285156061695106,0.5059761255864128,-0.6407948776961623,-0.401399523524139,0.18792047019515248,0.39662352866141787,-0.21697343385095108,0
-3.1197819803451665,0.008653870970730115,0.05079815768766442,-0.7978504521284078,-1.3010771872813227,-0.9478869991657316,-0.10636209157284547,-0.0612722682012874,0
-4.151161555167671,0.5576664419251703,-0.1490296882110246,0.5576327321845046,-0.3488702426004258,-0.37184198001045754,-0.4062420783106685,0.1446308077062262,0
1.5934123175978494,-0.5076278687718592,1.1198598312346584,-0.6644498743317886,-0.49801116901757675,0.4396930545468448,0.6911232914274174,-0.3766237614644281,1
1.6124368628717949,0.6559651964059916,0.4089728026633309,-0.7389610256043725,-0.5408668390851645,0.7211363417068244,0.39705422913140787,0.03888833207487304,1
1.5227291928152273,-0.24931758012111901,-0.3145607059577408,0.19718004349645174,-0.49542942359074027,-1.3557302983926465,0.11602206836872243,-0.33783628709477426,1
0.47610233593584084,-0.751352283151918,-0.5364548650905381,0.8091765720872826,0.42880252071405656,-0.3342261215847528,0.12018100836051736,0.15126097649908296,0
-2.0536909966291925,-1.4697301947096,1.0420692757316072,-0.64416527327866,0.7049222528473215,1.0498719901948215,0.20900081218777783,-0.0005897721128080496,0
-3.376942460820246,-0.8847373225472702,0.06034892955996313,-0.15691869846976708,0.6649829763502836,-0.5315186435453804,-0.3129291879853317,0.26644122908701556,0
-3.2411235469064854,-0.08866222077641192,0.06886419443062003,0.36954550342025494,-0.17246014175609406,0.10377528532961112,0.1478845662142811,0.06004046190024965,0
1.1572609095570345,1.2877312239126548,1.0566644689382279,-1.1084300008672126,-0.8595818574540169,0.4859004473415405,0.6290471654332458,0.53437678965108,1
-1.3853950969174225,-0.5882220761218573,-1.0246392945502594,-0.08628953313611869,-0.5600734115211286,-0.8505205856312721,-0.7344834809815406,-0.08510750764436371,0
2.7496770703763183,0.28460782731657897,0.5306411828293207,0.7734143687064378,0.4805963101572357,-0.46044380209251135,-0.20487574750340592,0.07327448383461987,1
-1.661478502504875,-1.3021666719877791,-0.007578845509123455,-0.6525073254778455,0.18730489928072133,0.6072287073176236,0.11115660493562476,0.1443067629521855,0
2.2715324744504986,2.2449212269904826,2.701501593839925,-0.3478229694913791,-0.9279192825312994,-0.0282993070673095,0.4011488529165218,0.4935752724201519,1
0.6074329101248578,-0.3488900650670708,-0.41308601980574866,-0.08108996048385295,0.2501337079656948,-0.669251912910071,-0.04096400833013194,-0.17346947530504594,0
0.19530161301334312,-1.013436530065849,-1.6675156095641737,0.7944963540367063,0.729043331369306,-0.5103301324639493,-0.14237979132286785,0.4454611928145702,0
-0.5978124723599079,-1.7140838618401568,-0.4710486387035517,-0.4006406424917532,-0.09577142714086173,-0.33654799343253994,0.33343081831931753,0.10270250194497424,0
2.564166914732235,1.0056566953877788,0.9423183136265518,0.2038457659270579,1.6589444814056968,-0.5379667629003029,0.6009685247763,-0.3176181488143088,1
-1.1163513742123523,-1.3789940156091054,0.3814568874005963,-1.804831902626284,-0.048412565606892596,0.6178423741848784,0.24508021681524436,-0.04880545201056013,0
-1.0521525062886063,-0.39769022696469647,-1.4821690396634075,-1.018163898316664,-0.7054561388568851,0.23111131108959362,-0.8581203783410494,-0.06475624383138079,0
-2.69022746157258,-0.5770918131621815,0.1843318310450395,0.5626341086289268,-0.09507103967169396,-0.0010286814120591347,-0.16440658975997216,0.33190726128360876,0
-1.42729295809632,-0.06483047932729007,-0.0016528669248574305,-0.044322569136024524,-0.1008788050338943,-1.1923799632293928,0.09931628542517258,0.19287609067297426,0
-2.1891093873554177,-1.4898200562208412,0.11121984119655683,-0.11581827158837665,-0.613037695505216,-0.11538583827112542,0.2729663513102975,0.5000378214420086,0
-0.4422629105883909,-1.7317696154768676,0.35486046807974636,-2.040624824947476,1.5761991430435913,0.6417851548804354,-0.8153151810004362,-0.9277283390197505,0
-3.5685290480727354,0.3587851040627635,-0.06365990850722947,0.12137150457312915,0.9241421226280884,-0.3474805475157244,-0.26068215099194003,0.41607100788333945,0
6.61848673029293,-0.5944459581576956,-0.9595136102732896,-0.7148549855230902,0.9336269482700614,-0.10483744255840882,0.6376330733332217,-0.4465815742384586,1
5.593714074544752,1.3204832383544611,2.3958980806390673,-0.5412703796958307,-0.32038500741660764,-2.187350367376666,-0.2537351358887032,-0.38444992901900166,1
1.3616946347633174,0.6573128860089101,0.4931203570532252,0.27600093374796947,-1.3583983309447445,1.3791614531147134,0.6487579172680175,0.8622839612175839,1
-2.110285911584439,1.3916836780918744,-1.9656531555183114,-0.4636900883160838,1.073251221069191,-0.7330843071239408,-0.37268851317412444,0.2941109511745304,0
-0.42549359583845026,1.90725297965349,-1.9581561460091148,-0.2667935767225787,-0.5036840530207187,0.21359098613495767,0.17391347659306086,-0.3875724264379666,0
1.1984353652524968,-0.28597969725721306,-0.8926891679313947,-0.8794620555969695,0.4695571107782221,0.5695578532882827,0.2431511892096797,-0.704244586082214,0
-3.234369046888931,0.2413520796560641,0.19530537535729453,-0.07435937750841773,-0.6102210731947979,-0.6084519299507083,-0.10524134715090103,-0.0493920064380702,0
-1.6969760531478453,0.6807951268444232,-1.5029138280798862,-1.026137274865349,1.0513460582022864,0.23405484626682288,-0.7938478282125678,0.35248593214522894,0
-2.210828759865085,-0.4452963240544671,-0.012441519366606354,-0.4971124809870423,-0.9287700210356625,0.6228863653322055,-0.2092248606997788,1.1208517448891582,0
-4.439469437192637,1.0759146200753487,0.22966858266953882,0.2180064983268124,0.4423966298493963,-0.3172038922987174,-0.25268001955185804,0.19801171100688816,0
-2.1115271093879433,0.3475207231716163,0.13929116623383675,0.5290766249318358,0.6187736547412738,0.424798218670817,-0.03015210841612232,-0.2732973340115849,0
-1.6428602471689449,-0.42355712254864636,0.09645481229495376,-0.2006769876050524,-0.00913004387617194,0.3043755006084569,0.1538565568483623,-0.43274287320285815,0
-1.5375646953773503,0.7062673147354535,0.5912213325930822,-0.3785115803264553,-0.9555210290342916,-0.25602184889923846,0.367646292298529,-0.4520396764092118,0
-2.557017226580254,-0.2587276909947411,-0.08875735696583491,0.544059997739204,0.17459982397477927,-0.6788492948648334,0.12335858147885384,0.03796448515209316,0
-0.07139370949490949,1.793004720372248,1.329987054886019,0.04761687925594271,-0.4720697728086751,-0.24999661497474324,0.3343795601166468,-0.48075559147189073,1
3.143036587637298,2.7944338833800604,0.6789521670315287,-0.08601751626033659,0.6020763298410691,0.9108631810508862,-0.09086964922868057,-0.26122555805165354,1
-1.3865472017795228,-0.8467243054560089,0.23376493664491266,0.28313175385647604,0.1329316062502899,-0.24766301217310507,0.49773231036964594,0.288820891190048,0
-0.0762020102739033,2.379648074622482,2.405686892890392,-1.4430335764725017,-0.26734194862717614,-0.8419134242861107,-0.26641182704127553,1.213402075880041,1
3.040863630359092,2.16151665456437,1.8972920745666062,-0.28869112572932504,-0.5503565270933488,-0.6772460685923906,-0.6377970714613578,-0.07853094887933364,1
3.9382073059570484,-0.6221108410603926,0.2773517739116785,1.4021151426655711,1.886846097195614,-0.4230904039248841,1.1105511975561724,0.19316482456573641,1
-2.4262499591017477,0.335268035893716,-0.2870317200751873,-0.3301306791659069,0.304846557740334,-1.3525570459846743,0.0913852591265748,-0.5362670416256003,0
1.3983209912192327,0.8553154245417778,0.546223225649199,-0.5645994349774613,0.05593642098001547,-1.713586381141575,0.16470403360268096,-1.1389746884987832,1
0.6547691643507572,1.1265247312619535,1.496612918901393,-0.3091573838577708,-1.1590126440809865,-1.2396072274456886,0.7020697776239139,0.12122984430704242,1
-1.9839223659449887,-0.640488706423094,-0.002990751788457052,0.38136711875616314,1.2763452967352962,-0.8897943146307816,-0.054949214749118895,-0.20432424010633474,0
0.0020995655660880903,-0.7385038258106292,0.19089548699405237,-0.2931609607219838,0.5584128843869882,-0.7674341715879903,-0.15291503444720123,-1.0683157852664824,0
4.365514906012853,1.150384247696656,-5.013830456675885,0.32056150196329075,0.559165817325761,0.549832452775309,0.7715456486993698,-0.2829388780390759,0
-3.0455462742674007,0.8382571542127654,0.4980652050963186,2.267574181794749,0.019148687120131923,1.0250516814323052,0.1688212871771816,-0.14052922119121808,0
-0.6807367447485637,-1.0645094837432756,-0.7330489021414697,0.7860797045046678,0.5685237209586532,-1.2164485323490273,-0.19758884182035022,0.07568413704942774,0
6.3694319098713,-4.457283619567415,-0.26066129878622063,1.451299108950624,-1.3549494667530073,-0.509907778485223,-0.19090688848330736,0.10948396249915372,1
0.4648318952157329,-2.5695934264818017,0.164768919098778,-1.7295197296096656,-0.29351938934236704,-0.03662054011343049,0.25598892045677096,-0.12489842210454208,0
-1.9872094328689118,-0.75980390564383,-0.6001423048822314,0.07869569534613022,1.6056748936750238,-0.7431035406160399,-0.08492722810127352,-0.12563833564424665,0
-0.9727116201875751,1.9035447997976238,-2.509454585473469,2.23354706462009,-0.8346576506670874,-0.2971664552886853,-0.6292032688955914,-0.6476462969766851,0
0.9346588325103722,-1.2302244651595953,-1.0937125745370375,0.2818815241178039,-0.83961271906221,-0.14767522670983427,-0.6095449218750555,0.11360231617000478,0
-1.5507220886035775,-0.04812270286279142,-0.7144041591333143,0.16177305407576623,-0.024651625270152216,-1.4405177733526604,0.17190283596023187,-0.17529524591912035,0
-0.9875648581821125,1.3254463184015883,0.11845461260476815,0.30374299316984554,-0.32160330190431535,0.7209596252156641,0.8373581784662856,0.03498312012455802,1
-1.1127197718298107,0.3435287151592519,-1.625085313347726,0.28509561885561935,0.21078528637458147,-1.2813164735041709,-0.23560717724385824,0.26028272931185625,0
-3.2969124264808936,1.1232314012698772,-0.5847343558503987,0.4875952574944118,0.8871153796965866,-1.1026339264330156,-0.16744562863462287,-0.07019973444111925,0
1.0469882532306192,1.1801006038283985,-3.7653297780142867,-0.22983225132534216,-0.08833812501172776,-0.22199662117092425,-0.6427341075615572,0.13317892139551457,0
2.722053364845725,2.922223214649875,-0.683200547799795,-1.140238083792593,0.26575147486223144,0.9128655196977661,1.0807830968745933,-1.1208099228654744,1
-2.0727076392805746,-1.656153096295832,-0.24701132179015134,-1.0424846306091482,0.06852653710970909,-0.5288450295526901,-0.12036372622108778,-0.020396554682540948,0
-2.035575359234628,-1.8216751882358224,0.41394126550417754,-0.9139065303366658,-0.16831813773481563,0.8831171090929373,-1.4415242401028847,0.9115265790804721,0
3.2683802690769546,-0.5194882857762421,0.5830075521701379,-0.44551990058371777,-0.9095460995879054,0.1058909897703277,0.3477974298175969,0.47243687785361727,1
5.15220619357885,-0.02220976234416129,1.7158335372387894,0.5932415330399218,0.1663129336978814,-0.9491872609589682,0.20396625190714004,-0.5117933415256357,1
-1.0268942289662242,-1.1270009961404694,0.47036938467007905,-0.6629051321426351,0.2999052100909108,0.3288309426486713,0.2683812269149179,-0.1493874275982633,0
-2.914771134086221,0.5120777167601618,-0.19472476136255415,0.14443517368321393,0.34202073949577966,-0.5246703320503312,0.1931725998909663,-0.5288290366969963,0
0.06457207528160913,-0.4122561374333596,-0.04667922926731838,-0.3777054639944877,-0.6159907388036221,0.2046711695377004,0.6999643722330401,-0.6142974962501073,0
-1.5765741297681068,1.8117884351734468,-1.5927584004328788,-0.059720305874194565,-0.11974692335711978,-0.35239865961321815,-0.3555965461304787,-0.277700072115472,0
-2.6200376280462874,-0.49436089353349266,-0.9102882866979396,0.7826335256551614,-0.1977570243272866,-1.124609781095568,-0.351648258254082,0.6744352908232515,0
-1.7744493099049727,-0.6025819149799773,-0.13607580889420923,-0.06647780207742884,0.3945661433377536,-0.052207972580824845,-0.33779367348081324,0.4356352923834648,0
6.125536362416486,-1.4307232873931917,0.9194066018538278,0.6922439499605807,-1.6317620624443512,-0.7911388178343708,0.5043499982399591,-0.25213180092040033,1
-2.5964004080465393,-0.7883911977644128,-0.28104075926704625,-0.8405790331337943,-0.6085081438813588,-1.1907415248973454,0.10608739455609376,0.409437860485021,0
-1.4016959557362423,0.6221878493687626,-1.185772599654797,0.7473970254474491,1.7806136611647911,-0.5445327007921686,-0.3125823328823119,-0.3473221062215613,0
-1.550237745771829,-0.9959618030472552,0.06936525980918598,-0.029110231544016315,0.4512042770923373,-0.6083876008962184,0.20337751654421884,-0.35185619459493295,0
-3.2862954770756065,0.7780763757266345,-0.21319283938847658,-0.8858808381279581,0.07046201622004256,-0.3965275995232727,0.012581366675373837,0.03272805436266196,0
-1.6146126387741042,0.003946848488663591,-0.358898205263397,-0.4821227630412061,-1.2407956660429507,0.5641663915454053,-0.12784098946233005,0.16390294721561124,0
-1.5092310854643693,0.001092333914918933,0.3924265098664085,-0.48846153128010406,0.0635392502972143,-1.0490027168624614,0.40893865719440087,-0.48546920157305884,0
-1.02571583114786,1.921438593931597,-1.603259192046719,0.8031679363833,0.4392714798000839,0.16687683604132025,-0.7251803141096325,0.31996881921089326,0
1.5039785406381974,-0.005845452286819742,0.9409445649291357,-0.09982475823741073,-0.028495479120557624,-0.01966623367339401,0.06700411631540133,-0.6495477666743082,1
-1.3427502583982154,-0.4313746767668691,-0.0672472528598713,-0.1681536770575709,1.4930812578450114,0.049340881706661996,0.19504610972658395,0.05696544674738169,0
-2.1645997506077626,-1.0963290517428477,0.18427357844400075,0.3124280840468913,-0.34395060844179604,-0.14122577093355154,0.49436914005114224,0.4784511815153492,0
-1.7560411206020838,-1.4629525475318024,0.2777384495814943,-0.6187297353869233,-0.2916733857245356,0.23873850506840172,0.21533374045654288,-0.08731007193881742,0
-2.396846674069784,0.18965714278090312,-1.5456364396043853,1.7846594638641027,-0.9094769566098619,0.16842741599809125,-0.2833948193875823,0.544265145806291,0
0.1410991534579578,0.299416894418921,-0.30540943425160433,1.228798702657241,1.0417373693429002,-0.12906526494033624,-0.33261411753409736,-0.3086125964686003,0
-1.615589911013012,1.2434893542300354,1.1923349435016293,1.331029912584581,1.4273061387943116,1.6680403887719981,0.6885682658593847,0.23300199111432837,1
-0.8393328011919211,-0.908542045635851,0.13867360076758528,-0.06869473266253763,0.6785039658050729,1.0408784135584082,-0.09876129096881,-0.32097892066068145,0
-1.2653682056080766,-1.3783094745086126,0.4177874875518116,-0.5963177218278205,0.24268926759603549,1.8095883866384783,-0.17445983228916534,0.5703167749772854,0
3.6614779212746176,0.9749899341781983,0.8247278915438625,-1.314870526472546,-0.08534161835427498,0.8115723239072172,-1.4634027571066839,1.4551002199080747,1
-2.1912611246605707,-1.0355377782094495,-0.40833611588434715,-0.3425065494639979,-0.4577298600057859,-1.134324171311969,-0.33384696595698815,0.3781963778881966,0
-2.4409715297326477,-0.7104081623081251,0.6157262629722167,0.03806145688033326,-0.07155106030998602,0.9467116753945231,0.10679291260351997,0.09280109167359067,0
-0.822641289054771,-0.4515917820488546,-0.5950782566686551,0.279069568015236,1.06421611358253,0.15599387347197338,0.30550784846067974,0.43851317104646437,0
2.2408222790417716,0.10059866775607115,-1.0302543339312824,-1.183804012106604,0.26445404666447775,-0.7291113221165085,-0.9824116765405584,-0.4786913477617985,0
-0.355715835337226,-0.9335688823589835,-0.20712105741971545,-1.1277929491896783,-0.24509356121164128,0.18101332592065042,0.34225326269897866,-0.5510471542828721,0
0.1140985217605233,0.15799235913175816,-0.7644032850688376,0.6005935438599971,0.19484606117503073,-0.4038832474388799,-0.04589440086392647,-0.5111000161848304,0
-0.5829280731500912,-1.4830143343325053,0.7911535527171966,-1.7366386090778363,1.945551864450671,1.7319438475026623,-0.9912251018645635,0.4641786607972753,0
-3.6240016296592565,-0.3047585390794086,-0.08042297261293946,0.8318793629904744,0.009677437912223169,0.6564782480713518,-0.372278074428549,0.28858216668531106,0
0.4207596935378757,-0.9536094034120964,-1.550839766691165,-0.4127073843137009,0.23872448786264439,-0.24713783259956099,-0.3008574320125499,0.3743103420774725,0
-1.2005371703263648,-0.3795059043086206,-0.2852799267298838,0.2960829359564472,0.9784061468929597,1.037255716291677,0.28938423076051734,0.27465620597168794,0
-3.7739724126226775,0.1098184912684641,-0.4813552813390375,0.16625545003554262,-0.01410213639138219,-0.3574027439901727,0.04208224495569749,0.015865398651402643,0
-3.7122662398098463,0.8406418505853487,-0.028117004787535347,0.1488745061858139,-0.22259493815923848,-0.31907356608170195,-0.2143312985943069,-0.025286290747017482,0
5.661550544585242,0.3223543310034564,-1.8278621860391953,1.6328887799083134,-0.7246597558483883,-0.5987324517628269,0.09365839801448252,-1.01704969064778,1
0.3564728456560242,-0.8339027746403145,-0.9574109138879238,-0.3456599280373034,-0.8251492953610501,0.24348374147661572,-0.009518554662246517,-0.38528734476142695,0
2.7003522948382392,0.6213089673824893,0.8762485990194585,-0.6630985206426915,-1.2489485118892487,-0.4135038554550877,1.5836447834539416,-0.4872953340570894,1
2.473073496772378,1.5027015690356995,0.5735779837214101,-0.38817939407618113,0.1417804070125747,0.18808040899467668,-0.10639675361485798,0.101147750969004,1
-2.1898360161532553,0.38831090329298956,0.20570780360697238,-0.1762740533469672,-0.2905305337650216,-0.4944204150502044,0.03421702940794971,-0.22504623378759078,0
0.8842889000100347,-1.5668150020438538,0.45481046633283156,0.7223279518423521,-1.219683912501608,-0.2452342075379952,0.32722557756414866,0.13487845572550522,1
-1.7586273041475562,-0.6477807418627266,0.6293872999778368,0.15997929945903863,0.9872226321395754,0.19209394196267643,-0.32284161173931386,0.10324570083051379,0
-2.2065752615135903,0.252925403839557,0.13336718398312913,-0.3627627697734875,0.3556760626615333,-0.5373316269734545,-0.015166342432064269,0.22925220361652063,0
-2.841105882083003,0.5160739813252133,0.41873571341442684,0.19530432440684137,-0.048926276814804964,0.04179994463118775,-0.2568457462589634,-0.10657323024917094,0
-3.21128751418285,0.8495718043987935,-0.3396498495971965,-0.2658204798343632,-0.034630140868954905,-0.6622132857272434,-0.041041391443537634,-0.5135412184995796,0
0.9406185136397006,0.18471362098886687,-2.275843486807359,0.6101988235763167,-1.260304391272225,-0.48562073557189167,0.16420929710327195,0.19622722160942233,0
1.2919848198114565,1.925386168006142,-0.23008355205733566,1.5040533776805645,-1.1650815408069983,0.17445077907843493,0.3838088289260534,-0.0487472287384067,1
-3.371073001448685,0.8207213142175473,-1.3731070988950376e-05,-0.3697207639456107,-0.9165377521786034,-0.5725274588173362,-0.6122449693668434,-0.11806265274300531,0
-2.5212082473431012,-0.1491006160172475,-0.6424919690554366,-0.5757889034758457,2.4272977456229015,0.6902116771150159,0.039768630797073275,-0.49878322736837655,0
-0.008804359773678105,0.39043510703363915,0.4762516148567726,0.37376050112849535,-0.22583081855110004,-1.426609052718009,0.45619257700445576,-0.3427019984786095,1
-0.5872448082146124,0.025507725188630186,-0.12629624608568474,0.11356084354765576,-0.21636356608497082,1.7256247927399464,0.2150155079043048,-0.6513942106306669,0
1.8326794546818606,0.6550142983831032,1.1637410986266994,1.888031635883158,-0.7764011208703723,0.33432672979475164,0.8345702017067578,-0.15657758776582084,1
-1.2339738584854676,-0.7494538705167195,0.6577057364534624,0.18735724745035973,1.1777127717769442,-0.596505942171208,0.4800121142528369,-0.22413455711958463,0
-1.2653587892210973,0.9892837770142657,-0.4153289004715739,1.020510090898638,-0.4980682568923902,-0.8369774769438196,0.36605985972381416,-0.07173532895408256,0
0.8341445264272775,2.0301589643476166,1.269454629297809,-0.03378736764000978,-1.3114421796472941,-0.7433665358343847,0.3605240002082133,-0.19885674588684712,1
-0.15441127974300173,1.9099083300538064,-3.0738038273096024,2.0784813526341788,-0.4441225637099205,-0.3818079313040091,-0.8671385487506464,0.04542965271376614,0
0.62369172075798,1.7992543694617582,1.2548112112581185,-0.12947649606092557,-1.1937320657928463,0.7355622425351324,1.6196229412666816,-0.36854743487993374,1
-1.5736515913339257,0.6210030672642258,-0.385133832210848,1.7885325666589802,-0.24367456538718185,1.5783058469655593,0.09469816501586278,-0.11719013018918509,0
-1.194974387540889,-0.49783098818674615,0.32151089011040795,-1.3714467427606565,-0.8326757479476722,-0.4800254963274036,0.1818912678689001,-0.38125010454925506,0
-2.1473104885412653,-0.7695462289467667,0.2018934837323026,0.28389686888383425,0.8488300497149222,-0.47553707011449753,0.5294552127509786,0.08348611183259046,0
-2.2472959954423515,1.167254151230825,0.7450483347805612,1.6244916188755427,-1.013575055737232,2.020924326731902,-0.2084608335626814,-0.30881984369030646,0
-0.40577219720092605,0.22941321601180908,0.22210084992968332,1.3383010234572004,0.08578227948964687,1.9993874413150758,0.7813499880610627,0.20082365284107007,0
-2.5098420737942475,0.33269823950109334,0.6389513892937242,0.9668316101484441,-0.3036023953959258,1.1342378561195077,0.5877622963636687,-0.08154031871794144,0
-2.9897015527535684,0.5930494683705188,0.6859299502754627,0.8443027130779173,0.00046344166729098097,1.2108704722683599,0.13074081609985552,-0.24188758703971985,0
-3.0572877256727358,0.5023715278948128,-0.1439797522578432,1.7024000605979395,0.10615978365524086,1.8102070994146793,0.014028849219573461,0.005363408768962798,0
1.2237921904522147,0.8857574395431019,1.72693694732133,0.2707611110005778,-0.4194353656666238,1.4557562858876367,-0.27430777719887817,0.9809133536887271,1
6.753348051061499,6.278099710778214,3.2146349873771434,-2.0525400346249687,0.16918298827890516,0.2533156288311638,-1.552171299690606,2.5686185893560327,1
-2.6638647787152654,1.515151914484278,0.19356051727765144,1.834824594132959,0.6666779864602809,0.8226961010042637,0.1396634788425416,-0.30172273815901485,0
-1.9198555168204925,-0.687472562108852,-0.24407591304954512,0.7056487607162788,-0.07012454827966728,-0.2619156535106227,0.47653634981152604,0.4204421623321678,0
-2.5151647296207247,0.5683277641370194,-0.28629998857000144,0.6943871264837269,-0.7153837297548546,-0.5178880632203335,0.27644169381121,-0.012804862982599889,0
2.437027423473593,0.2689427802568043,-2.7326885360972044,2.3643494992633207,-0.7171860091388634,-0.9961265321231636,-0.8378723889920133,0.45330429499577285,0
0.27027069005724624,0.5772414325513404,-0.7649368532941451,1.003505038748434,-0.8429717672069821,-0.24566171385164942,0.3601262840394515,0.07823887841764429,0
-2.529596204101171,-1.0500620938278251,0.09032322138492246,0.2833391970516629,0.2572370393905083,0.2052408021934212,-0.15867427746251245,0.9529582036051073,0
4.166246861608362,2.516916616578363,-1.346191078177129,0.7593654896769141,-1.0627328709677029,-0.04516957816662787,-1.9196550750924413,0.15338048224381978,1
1.8200094658793808,-1.1693708172622548,-0.4671889749096433,-1.3840256623835274,-1.2020609918420602,1.0531266949950653,0.32992154896391557,-0.09292826274936987,0
-1.1501927861646641,-1.0079888816080247,-0.4697745708808817,-0.3559005993637347,1.7199073970548089,0.7162768254104914,-0.2660559033589316,0.5022730440996264,0
-2.0836507764220533,1.472511151970973,0.5264395926327536,0.48912544453917156,0.8439032494723401,2.1166438905023206,-0.46526960689412716,0.11267140702103444,0
-1.363874296891482,0.25182113469745826,-0.42750323244676564,0.5265230228139773,0.1927593983459993,-1.5561341111821594,-0.1704840063752666,-0.16715229588644337,0
-3.6999194703866705,1.1431894506768638,1.0626890003603477,1.8616558840014978,0.8604622035286724,1.7694107353670852,-0.6721625580466982,0.4317227763394437,0
-0.0006057129404224467,-1.668881018720321,-1.0691545821184083,0.41252196976951844,-0.6578457325572116,-0.5590261143530151,-0.8510028476327637,-0.0658012434003087,0
-0.956151087625861,-0.6975382446328333,-0.4163870990727487,0.2718520917109194,-0.06444044007785843,-0.8936253034838435,0.6588831847324087,0.04370513678022853,0
-0.5693423431504698,0.9016907339497967,-0.5913490548855667,0.7286979055980772,-0.554104329874206,-0.17406724066462334,-0.4561986041705198,-0.5500273032827774,0
-2.865879551047058,0.26177067204794396,-0.353715874744778,0.9667797628532453,1.1481688975485353,-1.1564443013485306,-0.3981227976824871,-0.20436753353608356,0
-0.6905766284297116,-1.328457042178899,-0.725610623972551,-0.5089378311137408,-0.29883357728898174,-0.4005563766950427,0.2601986286272445,0.35033655056594104,0
4.051962596915217,0.47499963379500454,-1.2506465335144659,-0.04742532565437808,0.5330932658411106,-0.35769431772582677,0.6864180356838637,-0.9663871815656869,1
-2.238841993291347,-0.1813362502587599,-0.18692515579264568,0.5067390857449744,-0.8219250861515393,-0.35095316930145465,-0.29884770116512166,-0.0630850096481559,0
-2.6631907406005055,0.7263152962728716,0.041848415190918815,0.6453215035210165,-0.0407343359575944,-0.3643637046423186,-0.18704539907044165,0.22088041952912324,0
-0.5196501624220573,-1.7484488534502693,0.1756749256075807,-0.5262877950590161,-0.29459520268084377,-0.7709789658216954,-0.0678314834629519,-0.4036406476185538,0
-1.8938228268052413,-0.051010781298977376,0.3023426438854108,-0.5070138816095162,-0.1626217867494606,-0.05794232681139272,0.3525267271205746,-0.4391820541982421,0
0.3238273370354452,-0.9046326129671247,-0.02971867618577995,-1.0189649567806998,-1.1427280554638868,-1.5511778766860704,0.6851241004885528,-0.5536359985032685,0
3.6021174251497468,0.8271457513456707,-3.5574291795049713,-0.4382436135805925,0.9743112236609341,-0.22075732401248102,0.043338348335502624,-0.1987838860939027,0
-2.3342057048077445,0.5638290723539072,0.048937175206444646,0.44328162828154166,-0.6416527181934542,-1.0347859711483753,0.31695328129795497,-0.17753202522843656,0
2.705299165573565,0.23590545491566173,1.1794942817979168,0.002508842377630103,-0.6357700969657796,-1.0658582260041705,0.6450291795139501,0.12264116253086081,1
-0.7992908602328102,-1.28128199868054,0.3475237623494331,-1.44598150940762,-0.5121872719530031,0.5391749549862896,0.21098512077991521,0.05490896893395087,0
-1.0748084979840322,-0.43919777077941374,0.9325382713559102,1.8668319462172214,2.645319796837951,-1.335781734087842,0.403841080047091,0.0726233661138656,1
-2.364630588391376,-0.4434671542802817,0.3353764921578071,1.4345106217826054,0.10950451512710897,0.2695197722965337,0.0352708798343823,0.41797977657396224,0
-3.4454163155896578,2.1546254161469016,0.3363441514992551,-0.48557309208472965,-1.0314850422457733,-1.810514439428607,-0.25600247798231135,-0.032274513579626025,0
1.262294036711528,0.9528400404537302,1.0011812049310767,-0.8613656558460693,1.0963394621182712,0.25947836907813826,-0.060696445377448956,-0.04960129811706339,1
-3.7872056638590976,0.6551903644038765,-0.6004300275141118,-0.4532406044713428,0.4793499635206692,-1.1007757187401754,-0.5507660926832182,0.1590408010029589,0
-2.569536410051392,0.45997235785781515,-0.0628061125355615,0.9370742142344969,0.6837472594802577,-0.006453847732103662,-0.4422528173478908,0.2208025375051664,0
-1.7805917859764637,0.8065122411403405,0.20240965184680018,-0.041653850392184236,-0.7755241203693599,0.13567851265142822,0.5817679414804491,-0.6326007983670833,0
0.8537609995342667,-1.623275100298825,-0.10323827486796872,0.46963833179047837,-1.0698905623103658,-0.30563804601485733,-0.099444546856073,-0.03923490340636553,0
-1.8311176045778699,-0.6742490208361082,-0.02755289567418764,0.5952532006243574,-0.2581306288828863,-0.6415236225089942,0.2451195244335518,-0.08284340639747276,0
1.6935484883553817,1.0920681718354806,0.42322437663998735,-0.813752745655359,-0.70475781980777,-0.5316780925969182,-0.5089465666077555,0.38081504289028095,1
2.592597679365299,1.1254724770321345,1.1548099126806588,-0.13730887744966072,-1.1462889849034001,-0.4312033344720062,0.22672421640674134,-0.5084730848873276,1
-0.8669249383084292,0.4371971772789127,-0.012365487255600306,-0.41106866491095484,-0.7447149923199662,-0.5495660390907697,-0.7402933730482761,-0.6150834273987071,0
3.517592277282902,-1.8939136050514527,0.5464132845795162,0.12380506831456671,0.04934647477031673,1.5386975124636284,-0.3902992502414234,-0.051182825009638104,1
-0.20847209323433732,-1.578903222754361,0.4536444817083094,-1.399454979108449,-0.1788024264510824,0.4348686208049271,0.6960192362398173,-0.3158036427023519,0
1.9648927034687553,3.566076443376511,1.477468260892234,-0.6680744638851325,-0.3040825454406579,-1.0375358891934814,-0.5910976930398208,0.6678862689239684,1
4.06270093561451,-3.8424563590022633,-0.6840232709889132,-3.59933325857559,-1.3898791835091913,1.5847057715683104,-1.1617899340510485,-0.9998324026353272,0
3.4186837614360326,-3.377965768246602,-1.4195415291219835,-1.4716447287743282,-1.9303354354710704,0.4078020129713563,-1.0390566264983887,0.04917072947036762,0
0.380190925815631,-1.1301393371822965,-0.19180052611253162,-0.2822760771346613,0.03242207899348168,0.7059369099549426,0.386822668444875,-0.4044932815231037,0
0.28233292418421085,-2.5466222034406356,-0.34003388243306804,-0.9617403349679179,-1.0845982341875278,0.9633150739588096,-0.45745000604880887,-0.16401107752789235,0
-1.4911419674187862,0.3383775646200921,0.05654212139674951,-0.8429294079895238,-0.6065703284537355,-0.4485314936247208,0.7911384759407568,-0.5776953674495234,0
4.239143565143484,-0.4197596386535186,-0.3865506761950711,0.48649499782995564,-1.6367626238851458,0.705412890778379,0.475199773050069,-0.6772712137239569,1
-0.7030403711588888,0.3179574089096275,-2.2057964906147878,0.5015151293180725,-0.3847823072983569,-1.087633734828838,-0.5628096281223445,-0.12097418269429135,0
-2.78587018063643,0.6349806018783646,-0.1178799956506844,-0.6391709985288365,0.057767411543466825,-0.7630832661207758,0.4001725303082595,-0.4645891345418905,0
2.5439232344238265,-1.688770684077967,0.40075665802350513,0.2877087179603419,0.052947627615396,0.17960024835515162,0.17540345935698426,0.19210917758758508,1
-1.0707086560045112,0.16005571492243326,0.056913303239504255,-0.958614915726174,-0.12380401545195854,-0.9927014186472102,0.13381891790860606,0.06312370135487426,0
-1.2606848357325242,0.8755469588376267,0.20564268313171394,0.07555336432108849,-0.7592292188306242,-0.3096022378568235,0.3112129612807213,-0.04088809283948988,1
-1.0064896976748412,-1.108281744449132,0.2675705484281789,-0.8199465913339455,0.23077970465492945,0.7760462816721265,0.6704477275488072,-0.24820868650128505,0
1.101421551135539,0.22090834890780922,1.541103527753029,-0.2868994065619417,-0.31626935935729605,-0.15972480915005316,0.5539061048482995,-0.025309083088044665,1
1.3113515061582381,0.6335334266319002,1.0960802428330292,0.08731120261443975,-0.9247250948704809,-0.5303878258513647,0.013760803561198106,-0.3391198924510146,1
0.2932538778833073,-0.9516793245644334,0.4108383387112802,-1.0930686792117785,-1.310104426639416,0.6140623661936099,-0.9244393073822423,-0.7234964872914573,0
-0.2299730177994325,-1.6059503187224422,0.6012434561617007,-1.2388079787530288,0.3324598619590836,0.46332640196004493,-0.19041221484527737,-0.10087735488103414,0
1.067053710672135,-3.397143548223186,0.22078958503428273,-2.7487798350930466,-0.06504588981431987,1.2638423204129396,0.186441395780631,-0.13795771782336844,0
3.7963847049033714,1.8695454974249388,2.1022073603644444,-0.11166965535560242,0.0381955747030701,-0.9864431432516784,-0.8064731351442563,-0.27684678784889105,1
-3.453143734112617,-0.3695634421831294,0.033304540029362374,0.5693110219081237,0.1678085160985061,0.281880057526715,-0.10498995899052281,-0.010776597278905212,0
-0.27373939143464715,-0.5369435702122775,-0.031195133940435958,-0.11717267612888713,-0.5462274700231844,0.14210098705202936,-0.14102446555514678,-0.24197026594886323,0
-1.955843150471369,-1.1391788292660692,-0.5962248742663687,0.03703402496159282,-1.4460632579651034,-0.21009254876976696,-0.6687292726137389,0.38288564912348044,0
-1.0693255602019054,-2.7659075634942814,-0.7292224057266622,-0.464483157672551,-1.0960233539710276,-0.2256631894156864,-0.10088224678856234,0.6661323909556535,0
-0.060159110490860083,-1.9595144196417853,0.8598442617908852,0.23610643247785523,-0.5380273734769112,-0.050646635818770575,0.43471829034866577,-0.09656243940232484,0
-2.208149287204006,-1.3136991994388763,-0.04702577466466554,-0.24081068291331692,0.15372165042770236,-1.3193257031259509,0.2984133343312765,0.003605302077453622,0
0.7231853687931878,0.6410970343685551,-0.9255080118020587,-3.5305961368800496,-0.631797473670777,0.7429891446302548,0.4190063305975112,-0.84396112646929,0
-1.3168082210949226,-1.523907345403607,0.2012876912159671,-1.2094234839957136,-0.9893201199243552,-0.32841303243868375,0.28900480747430324,0.09755701437833465,0
-1.0855894978793426,-0.19060420893866478,-0.013728196619096297,-0.9688735777092401,-0.9372399823179743,0.4399191013608004,-0.22080937597385344,-0.08379700152608163,0
-0.3928854273298072,-1.8525641562419217,0.435566392617057,0.5333907069993938,-0.2330219985978091,0.33152881749481833,0.15643395950320435,0.19897308419766688,0
-2.3427853777956313,-0.7152162841498039,0.4434143891434343,0.008200485182575394,-0.20272058401423837,-0.5694280013344144,0.024779135448058463,-0.06784291369229892,0
1.353194248178617,2.193666362267813,1.1163602830438397,-0.6852886314346045,1.7946176600346384,-0.3284719228148643,-0.03367156453178705,-0.33515789480156283,1
-0.6594162775007647,-0.3312504141067818,-1.3969570151108588,-0.20956907736158645,-1.1050109440934743,0.3187785601610244,0.1709199891028173,-0.30569542659868265,0
2.388874168042863,1.3165316700822316,1.4729610807818052,-0.5077774944819975,0.6648988536860541,-0.46690272006736655,0.144830028596593,-0.5916817364558141,1
0.9020795405643901,-0.026133820193650466,-0.11063938353828337,0.3432546243462737,-0.30691480538353194,0.5395523630138863,0.8404143672212312,-0.527354266817806,1
1.646147418413576,-1.8221543856268112,0.22623209965795638,-0.6541129939836521,-0.7884785787577062,2.4443617571609653,-0.5063064099006501,-1.0341330973203278,0
-2.7035595264063703,-1.3343000359265986,0.3417404914913204,1.5220420943799828,0.8517738266260024,1.631326657166544,-1.0151255421686802,1.2915530889040958,0
1.7994125806780783,-0.6431352104492194,-2.71932836048172,1.2303632218728229,0.041042064373292775,1.9909906354835496,0.007657377815117844,0.7124498756224964,0
-0.18847394605725556,-0.08230368574005517,-1.6998771200774692,-1.1997152936950173,-0.4511049903310002,0.02632426044694709,-0.11320299304249261,-0.2912584414853205,0
1.4443844696165196,-0.1503366920171777,-0.5636822550866231,1.918006420747616,0.1913193074663948,0.3683823413814603,-0.39137975417683524,-0.30364253367879973,0
-1.722048420386418,1.1088861475100273,0.3924290043643105,0.8727303218052178,0.9141679456948539,0.9318712280415601,0.33288220827445386,-0.5290039858645672,0
-2.356637602404833,1.0757312333985463,0.4162862479767757,1.3211770811329142,0.19303333745303855,1.498960845320448,0.2205823120718062,-0.5968295260805587,0
-1.281037339552878,0.1784722650663396,-0.16745257115120152,0.2797358798766429,-0.8333079318497532,0.3952043521941031,-0.3619179422575008,-0.3533868412298558,0
-1.8051846876602045,0.52839348471502,0.29340741968873413,0.41599870290593255,0.0342794592243886,0.8905207464617625,0.0300107908686708,-0.15930837199616016,0
-2.7405300195279128,-1.1315236560910296,0.033690448629606705,-0.6144130592043452,0.3842894429684619,0.28241440686062697,0.04773606943207432,0.16397758511530244,0
-1.0463796114164754,-1.1299989828291128,-1.2373623369436024,0.21110630006746264,-0.6399622096089667,-0.006281399106630118,-0.12908879458017916,0.09052213048168324,0
-2.617883539447416,-0.04402435822688727,-0.6279842857739256,0.19362194359541032,-0.11041710860642588,0.49993552178290945,0.06757390257986347,0.5501074685562803,0
-1.8263521669269225,-0.09067561101298773,0.44239674672108376,0.7449253257074567,1.3554246565233405,1.2437429969511085,-0.6609148609193184,0.6423595987450229,0
-3.95528421904477,0.35030696612825085,0.2366577614357685,0.9712058735554271,0.7080234931495588,0.37115615744512725,-0.6592051586958928,0.3742594900041626,0
-0.7959096815115069,-0.23616998212565374,-0.5800182044464989,0.3279933947441229,1.3729321107220664,1.0166934622212405,-0.16354664670021163,-0.19486052594677494,0
-2.680239728807617,1.0033855517645076,0.5207465895504642,1.523349076255192,-0.20621547021418418,1.899094682444791,0.5126739910752232,-0.1880059903358903,0
-2.1146644923590716,0.49385638855830527,-1.0049070365418833,-0.06578680847539478,0.17421022399360944,1.3084842716690046,0.2318269262890893,0.1806886852531681,0
-1.6913354787988915,1.0935540570349316,-0.1218893874958833,1.9165921065390281,-0.32270144479826834,1.4552351808254846,0.662220232277377,0.09999224012393744,0
-0.7964414760389165,0.7031750501670392,-1.0862408190337147,0.9375695059632969,-0.8805671048361553,2.165700656938009,0.6200334253035199,-0.08081187631399148,0
-2.482337365591699,-0.5028239822290711,-0.09490308743794368,-0.5433357411737464,-0.19313436069125425,1.0725938293996955,-0.5101617196859962,-0.49889909831018575,0
-3.357109911282827,0.4491275750612826,0.8006853086983796,1.3087403206511532,0.6964981415181817,1.8903344745207435,-0.96582227182191,0.8325441239891017,0
0.22266754300949904,1.9683884892110883,-1.7857714950384211,1.234225390413876,-0.6616265812104359,-0.058521947139963656,0.04732280678152445,-0.7834029738080889,0
-0.27754336439571353,0.8604326683907472,-1.2274705483101496,1.1253168368453577,-1.5992889037845275,0.7366642335523008,0.456401682360868,0.13014585937520323,0
-0.6351655396351714,1.0489915841627195,0.006436992511287822,0.7162852332570786,-0.9911896283620082,1.6569009539454072,-0.39378829401904797,-0.817546381989133,0
-4.853133103021498,1.996306263746447,0.3667293687877429,2.2239609123510906,-1.2302754545052554,1.4284373433801967,-0.5345912307877172,0.20851238658889562,0
6.732109451094235,-0.9595920067729765,-0.5319748363249083,3.8971439578376113,0.03178050705576256,-0.07734631039908739,0.4164672456419311,-0.10606712186228044,1
5.6389305168873545,2.377631296766221,0.6133423011858853,-0.40566259559418816,-0.08733929531898878,0.3471667568609016,0.20612918525649448,-0.24536459367015903,1
2.3782426980199483,3.464261957260853,1.4256694349844952,-1.7541629119127777,-1.2048489537489646,0.5245028493662027,0.37049097391339986,0.40275529729452686,1
0.6565918035727792,2.8235320529114216,1.4080014397135983,0.3059706528236765,0.06413689396202515,1.0684606023323648,0.41604678157967334,-0.24176761836294972,1
0.18481728575661527,2.325829667063257,-0.3148459820047649,1.5414295769889335,-0.4831867474050882,0.9248840509787679,-0.030740112354830942,-0.43208026551603734,1
8.579396476574328,-0.14160169675932283,1.144435418120103,2.0878897811493156,0.17959558529925926,-0.04539108845854203,-0.41081343939868586,-0.541403505744627,1
-4.418891628626751,0.5883849948489217,-0.10983857892880484,2.224482445293475,1.507168924441169,0.5663684349172565,-0.7814325371688849,1.1521215660382784,0
